day,symbol,side,entry_time,entry_price,exit_time,exit_price,qty,exit_reason,r_multiple,pnl_usd,entry_atr_ticks,scaled
2024-03-19,ES=F,LONG,2024-03-19 12:00:00-04:00,5215.75,2024-03-19 16:00:00-04:00,5241.50,1,SESSION_FLATTEN,1.673,1285.25,41.1,False
2024-03-21,ES=F,LONG,2024-03-21 13:00:00-04:00,5319.25,2024-03-21 14:00:00-04:00,5307.68,1,STOP,-1.022,-580.59,30.2,False
2024-03-27,ES=F,SHORT,2024-03-27 12:00:00-04:00,5271.00,2024-03-27 12:00:00-04:00,5281.14,1,STOP,-1.025,-509.21,26.4,False
2024-03-28,ES=F,LONG,2024-03-28 12:00:00-04:00,5315.00,2024-03-28 13:00:00-04:00,5305.21,1,STOP,-1.026,-491.80,25.4,False
2024-04-01,ES=F,SHORT,2024-04-01 12:00:00-04:00,5283.50,2024-04-01 15:00:00-04:00,5295.70,1,STOP,-1.021,-612.08,31.9,False
2024-04-03,ES=F,LONG,2024-04-03 12:00:00-04:00,5273.25,2024-04-03 15:00:00-04:00,5259.66,1,STOP,-1.019,-681.77,35.6,False
2024-04-04,ES=F,LONG,2024-04-04 12:00:00-04:00,5302.50,2024-04-04 13:00:00-04:00,5290.56,1,STOP,-1.021,-599.00,31.2,False
2024-04-05,ES=F,LONG,2024-04-05 12:00:00-04:00,5262.75,2024-04-05 14:00:00-04:00,5240.64,1,STOP,-1.011,-1107.98,58.3,False
2024-04-10,ES=F,SHORT,2024-04-10 12:00:00-04:00,5197.25,2024-04-10 16:00:00-04:00,5204.00,1,SESSION_FLATTEN,-0.265,-339.75,68.1,False
2024-04-12,ES=F,SHORT,2024-04-12 13:00:00-04:00,5164.75,2024-04-12 16:00:00-04:00,5166.75,1,SESSION_FLATTEN,-0.083,-102.25,64.3,False
2024-04-15,ES=F,SHORT,2024-04-15 12:00:00-04:00,5182.25,2024-04-15 13:00:00-04:00,5139.27,1,TARGET,1.988,2146.95,57.6,False
2024-04-17,ES=F,SHORT,2024-04-17 12:00:00-04:00,5072.75,2024-04-17 14:00:00-04:00,5096.44,1,STOP,-1.011,-1186.60,62.5,False
2024-04-19,ES=F,SHORT,2024-04-19 12:00:00-04:00,5023.00,2024-04-19 16:00:00-04:00,5003.75,1,SESSION_FLATTEN,0.713,960.25,72.0,False
2024-04-22,ES=F,SHORT,2024-04-22 12:00:00-04:00,5025.50,2024-04-22 13:00:00-04:00,5046.44,1,STOP,-1.012,-1049.30,55.2,False
2024-04-23,ES=F,LONG,2024-04-23 13:00:00-04:00,5104.00,2024-04-23 16:00:00-04:00,5112.00,1,SESSION_FLATTEN,0.403,397.75,52.9,False
2024-04-24,ES=F,SHORT,2024-04-24 12:00:00-04:00,5087.75,2024-04-24 13:00:00-04:00,5104.46,1,STOP,-1.015,-837.75,43.9,False
2024-04-26,ES=F,LONG,2024-04-26 12:00:00-04:00,5134.25,2024-04-26 16:00:00-04:00,5131.50,1,SESSION_FLATTEN,-0.135,-139.75,54.2,False
2024-04-30,ES=F,SHORT,2024-04-30 12:00:00-04:00,5110.75,2024-04-30 15:00:00-04:00,5079.87,1,TARGET,1.984,1541.59,41.5,False
2024-05-01,ES=F,SHORT,2024-05-01 13:00:00-04:00,5047.50,2024-05-01 14:00:00-04:00,5064.45,1,STOP,-1.015,-849.64,44.5,False
2024-05-06,ES=F,LONG,2024-05-06 13:00:00-04:00,5188.00,2024-05-06 16:00:00-04:00,5205.00,1,SESSION_FLATTEN,1.427,847.75,31.8,False
2024-05-07,ES=F,LONG,2024-05-07 12:00:00-04:00,5222.25,2024-05-07 13:00:00-04:00,5212.13,1,STOP,-1.025,-508.47,26.3,False
2024-05-09,ES=F,LONG,2024-05-09 12:00:00-04:00,5222.50,2024-05-09 16:00:00-04:00,5238.75,1,SESSION_FLATTEN,1.365,810.25,31.7,False
2024-05-15,ES=F,LONG,2024-05-15 12:00:00-04:00,5314.75,2024-05-15 16:00:00-04:00,5330.00,1,SESSION_FLATTEN,1.149,760.25,35.4,False
2024-05-16,ES=F,LONG,2024-05-16 12:00:00-04:00,5343.00,2024-05-16 13:00:00-04:00,5331.87,1,STOP,-1.023,-558.59,29.0,False
2024-05-20,ES=F,LONG,2024-05-20 12:00:00-04:00,5343.00,2024-05-20 13:00:00-04:00,5333.61,1,STOP,-1.027,-471.84,24.4,False
2024-05-21,ES=F,LONG,2024-05-21 12:00:00-04:00,5331.75,2024-05-21 16:00:00-04:00,5343.75,1,SESSION_FLATTEN,1.468,597.75,21.8,False
2024-05-22,ES=F,LONG,2024-05-22 12:00:00-04:00,5338.25,2024-05-22 13:00:00-04:00,5329.89,1,STOP,-1.031,-420.09,21.6,False
2024-05-24,ES=F,LONG,2024-05-24 12:00:00-04:00,5321.00,2024-05-24 16:00:00-04:00,5320.50,1,SESSION_FLATTEN,-0.035,-27.25,38.0,False
2024-05-28,ES=F,LONG,2024-05-28 13:00:00-04:00,5324.25,2024-05-28 13:00:00-04:00,5311.91,1,STOP,-1.021,-619.12,32.2,False
2024-05-30,ES=F,SHORT,2024-05-30 12:00:00-04:00,5261.25,2024-05-30 13:00:00-04:00,5275.36,1,STOP,-1.018,-707.58,37.0,False
2024-05-31,ES=F,SHORT,2024-05-31 12:00:00-04:00,5218.50,2024-05-31 14:00:00-04:00,5237.46,1,STOP,-1.013,-950.40,49.9,False
2024-06-03,ES=F,SHORT,2024-06-03 13:00:00-04:00,5258.50,2024-06-03 14:00:00-04:00,5279.90,1,STOP,-1.012,-1072.14,56.4,False
2024-06-04,ES=F,SHORT,2024-06-04 12:00:00-04:00,5272.25,2024-06-04 12:00:00-04:00,5290.00,1,STOP,-1.014,-889.74,46.7,False
2024-06-05,ES=F,LONG,2024-06-05 12:00:00-04:00,5340.25,2024-06-05 16:00:00-04:00,5365.50,1,SESSION_FLATTEN,1.678,1260.25,40.1,False
2024-06-10,ES=F,LONG,2024-06-10 12:00:00-04:00,5362.00,2024-06-10 16:00:00-04:00,5369.25,1,SESSION_FLATTEN,0.539,360.25,35.9,False
2024-06-14,ES=F,LONG,2024-06-14 12:00:00-04:00,5424.25,2024-06-14 16:00:00-04:00,5435.50,1,SESSION_FLATTEN,0.714,560.25,42.0,False
2024-06-17,ES=F,LONG,2024-06-17 12:00:00-04:00,5446.25,2024-06-17 13:00:00-04:00,5469.94,1,TARGET,1.979,1182.36,31.9,False
2024-06-18,ES=F,LONG,2024-06-18 13:00:00-04:00,5486.25,2024-06-18 16:00:00-04:00,5492.75,1,SESSION_FLATTEN,0.537,322.75,32.3,False
2024-06-20,ES=F,SHORT,2024-06-20 13:00:00-04:00,5479.00,2024-06-20 16:00:00-04:00,5477.25,1,SESSION_FLATTEN,0.127,85.25,36.8,False
2024-06-25,ES=F,LONG,2024-06-25 12:00:00-04:00,5531.00,2024-06-25 12:00:00-04:00,5518.15,1,STOP,-1.020,-644.97,33.6,False
2024-06-26,ES=F,LONG,2024-06-26 12:00:00-04:00,5540.00,2024-06-26 13:00:00-04:00,5526.15,1,STOP,-1.018,-694.93,36.3,False
2024-06-28,ES=F,SHORT,2024-06-28 13:00:00-04:00,5543.75,2024-06-28 15:00:00-04:00,5513.44,1,TARGET,1.984,1513.00,40.7,False
2024-07-02,ES=F,LONG,2024-07-02 12:00:00-04:00,5535.75,2024-07-02 15:00:00-04:00,5565.24,1,TARGET,1.983,1472.46,39.7,False
2024-07-03,ES=F,LONG,2024-07-03 11:30:00-04:00,5576.25,2024-07-05 11:00:00-04:00,5602.70,1,TARGET,1.981,1320.00,35.6,False
2024-07-05,ES=F,LONG,2024-07-05 13:00:00-04:00,5610.75,2024-07-05 16:00:00-04:00,5615.50,1,SESSION_FLATTEN,0.344,235.25,36.8,False
2024-07-10,ES=F,LONG,2024-07-10 12:00:00-04:00,5651.75,2024-07-10 13:00:00-04:00,5666.94,1,TARGET,1.968,757.34,20.6,False
2024-07-11,ES=F,SHORT,2024-07-11 12:00:00-04:00,5639.25,2024-07-11 16:00:00-04:00,5640.25,1,SESSION_FLATTEN,-0.050,-52.25,41.4,False
2024-07-12,ES=F,LONG,2024-07-12 12:00:00-04:00,5678.75,2024-07-12 15:00:00-04:00,5662.05,1,STOP,-1.015,-837.17,43.9,False
2024-07-15,ES=F,LONG,2024-07-15 12:00:00-04:00,5708.00,2024-07-15 12:00:00-04:00,5693.20,1,STOP,-1.017,-742.02,38.8,False
2024-07-16,ES=F,LONG,2024-07-16 12:00:00-04:00,5700.75,2024-07-16 16:00:00-04:00,5715.25,1,SESSION_FLATTEN,0.984,722.75,39.3,False
2024-07-17,ES=F,SHORT,2024-07-17 12:00:00-04:00,5651.25,2024-07-17 16:00:00-04:00,5643.25,1,SESSION_FLATTEN,0.478,397.75,44.6,False
2024-07-18,ES=F,SHORT,2024-07-18 12:00:00-04:00,5595.50,2024-07-18 16:00:00-04:00,5594.75,1,SESSION_FLATTEN,0.034,35.25,58.6,False
2024-07-19,ES=F,SHORT,2024-07-19 12:00:00-04:00,5573.75,2024-07-19 16:00:00-04:00,5553.00,1,SESSION_FLATTEN,0.909,1035.25,60.9,False
2024-07-22,ES=F,SHORT,2024-07-22 12:00:00-04:00,5580.00,2024-07-22 13:00:00-04:00,5602.64,1,STOP,-1.011,-1134.36,59.7,False
2024-07-23,ES=F,LONG,2024-07-23 12:00:00-04:00,5624.75,2024-07-23 12:00:00-04:00,5606.32,1,STOP,-1.014,-923.75,48.5,False
2024-07-24,ES=F,SHORT,2024-07-24 12:00:00-04:00,5502.50,2024-07-24 15:00:00-04:00,5462.93,1,TARGET,1.987,1976.02,53.1,False
2024-07-25,ES=F,LONG,2024-07-25 13:00:00-04:00,5519.75,2024-07-25 14:00:00-04:00,5490.02,1,STOP,-1.008,-1488.63,78.6,False
2024-07-26,ES=F,LONG,2024-07-26 12:00:00-04:00,5504.50,2024-07-26 16:00:00-04:00,5499.00,1,SESSION_FLATTEN,-0.228,-277.25,64.2,False
2024-07-30,ES=F,SHORT,2024-07-30 12:00:00-04:00,5458.25,2024-07-30 14:00:00-04:00,5479.00,1,STOP,-1.012,-1039.89,54.7,False
2024-07-31,ES=F,LONG,2024-07-31 12:00:00-04:00,5560.75,2024-07-31 16:00:00-04:00,5570.00,1,SESSION_FLATTEN,0.407,460.25,60.6,False
2024-08-01,ES=F,SHORT,2024-08-01 12:00:00-04:00,5498.50,2024-08-01 16:00:00-04:00,5471.50,1,SESSION_FLATTEN,0.753,1347.75,83.2,False
2024-08-02,ES=F,SHORT,2024-08-02 12:00:00-04:00,5367.00,2024-08-02 16:00:00-04:00,5360.00,1,SESSION_FLATTEN,0.177,347.75,105.3,False
2024-08-06,ES=F,LONG,2024-08-06 13:00:00-04:00,5320.50,2024-08-06 15:00:00-04:00,5270.96,1,STOP,-1.005,-2479.32,131.4,False
2024-08-07,ES=F,SHORT,2024-08-07 13:00:00-04:00,5292.75,2024-08-07 16:00:00-04:00,5202.25,1,SESSION_FLATTEN,2.243,4522.75,107.6,False
2024-08-08,ES=F,LONG,2024-08-08 12:00:00-04:00,5319.00,2024-08-08 16:00:00-04:00,5352.75,1,SESSION_FLATTEN,0.844,1685.25,106.6,False
2024-08-09,ES=F,LONG,2024-08-09 12:00:00-04:00,5345.00,2024-08-09 16:00:00-04:00,5364.75,1,SESSION_FLATTEN,0.601,985.25,87.6,False
2024-08-12,ES=F,LONG,2024-08-12 12:00:00-04:00,5387.50,2024-08-12 13:00:00-04:00,5359.16,1,STOP,-1.009,-1419.21,74.9,False
2024-08-13,ES=F,LONG,2024-08-13 12:00:00-04:00,5429.00,2024-08-13 16:00:00-04:00,5455.25,1,SESSION_FLATTEN,1.143,1310.25,61.2,False
2024-08-14,ES=F,LONG,2024-08-14 12:00:00-04:00,5485.25,2024-08-14 12:00:00-04:00,5466.23,1,STOP,-1.013,-953.43,50.1,False
2024-08-15,ES=F,LONG,2024-08-15 12:00:00-04:00,5554.25,2024-08-15 16:00:00-04:00,5566.75,1,SESSION_FLATTEN,0.572,622.75,58.3,False
2024-08-16,ES=F,LONG,2024-08-16 13:00:00-04:00,5584.50,2024-08-16 16:00:00-04:00,5580.00,1,SESSION_FLATTEN,-0.237,-227.25,50.7,False
2024-08-19,ES=F,LONG,2024-08-19 12:00:00-04:00,5598.00,2024-08-19 15:00:00-04:00,5628.96,1,TARGET,1.984,1545.98,41.6,False
2024-08-22,ES=F,SHORT,2024-08-22 12:00:00-04:00,5609.75,2024-08-22 12:00:00-04:00,5627.49,1,STOP,-1.014,-889.43,46.6,False
2024-08-26,ES=F,SHORT,2024-08-26 12:00:00-04:00,5628.75,2024-08-26 13:00:00-04:00,5646.72,1,STOP,-1.014,-900.62,47.2,False
2024-08-28,ES=F,SHORT,2024-08-28 12:00:00-04:00,5611.75,2024-08-28 13:00:00-04:00,5584.04,1,TARGET,1.982,1383.29,37.3,False
2024-08-29,ES=F,LONG,2024-08-29 12:00:00-04:00,5652.25,2024-08-29 14:00:00-04:00,5629.73,1,STOP,-1.011,-1128.03,59.4,False
2024-08-30,ES=F,SHORT,2024-08-30 12:00:00-04:00,5614.25,2024-08-30 15:00:00-04:00,5634.65,1,STOP,-1.012,-1022.27,53.7,False
2024-09-03,ES=F,SHORT,2024-09-03 13:00:00-04:00,5570.25,2024-09-03 15:00:00-04:00,5524.63,1,TARGET,1.989,2278.77,61.2,False
2024-09-05,ES=F,SHORT,2024-09-05 12:00:00-04:00,5493.75,2024-09-05 13:00:00-04:00,5519.38,1,STOP,-1.010,-1283.74,67.7,False
2024-09-06,ES=F,SHORT,2024-09-06 12:00:00-04:00,5421.50,2024-09-06 16:00:00-04:00,5400.75,1,SESSION_FLATTEN,0.586,1035.25,94.4,False
2024-09-09,ES=F,LONG,2024-09-09 13:00:00-04:00,5491.00,2024-09-09 14:00:00-04:00,5466.29,1,STOP,-1.010,-1237.83,65.2,False
2024-09-10,ES=F,SHORT,2024-09-10 12:00:00-04:00,5456.00,2024-09-10 13:00:00-04:00,5479.21,1,STOP,-1.011,-1162.88,61.2,False
2024-09-11,ES=F,LONG,2024-09-11 13:00:00-04:00,5486.75,2024-09-11 15:00:00-04:00,5548.70,1,TARGET,1.992,3095.01,82.9,False
2024-09-12,ES=F,LONG,2024-09-12 12:00:00-04:00,5558.25,2024-09-12 14:00:00-04:00,5606.60,1,TARGET,1.990,2415.31,64.8,False
2024-09-13,ES=F,LONG,2024-09-13 12:00:00-04:00,5637.75,2024-09-13 16:00:00-04:00,5627.00,1,SESSION_FLATTEN,-0.588,-539.75,48.8,False
2024-09-17,ES=F,SHORT,2024-09-17 13:00:00-04:00,5627.50,2024-09-17 16:00:00-04:00,5640.25,1,SESSION_FLATTEN,-0.698,-639.75,48.7,False
2024-09-18,ES=F,SHORT,2024-09-18 12:00:00-04:00,5625.50,2024-09-18 12:00:00-04:00,5639.98,1,STOP,-1.018,-726.12,37.9,False
2024-09-19,ES=F,LONG,2024-09-19 13:00:00-04:00,5723.50,2024-09-19 16:00:00-04:00,5712.75,1,SESSION_FLATTEN,-0.444,-539.75,64.6,False
2024-09-24,ES=F,LONG,2024-09-24 12:00:00-04:00,5785.75,2024-09-24 16:00:00-04:00,5792.50,1,SESSION_FLATTEN,0.406,335.25,44.4,False
2024-09-26,ES=F,SHORT,2024-09-26 13:00:00-04:00,5789.75,2024-09-26 14:00:00-04:00,5806.28,1,STOP,-1.015,-828.51,43.4,False
2024-10-01,ES=F,SHORT,2024-10-01 12:00:00-04:00,5756.75,2024-10-01 14:00:00-04:00,5780.71,1,STOP,-1.011,-1200.08,63.2,False
2024-10-03,ES=F,SHORT,2024-10-03 13:00:00-04:00,5734.75,2024-10-03 16:00:00-04:00,5744.25,1,SESSION_FLATTEN,-0.387,-477.25,65.5,False
2024-10-04,ES=F,LONG,2024-10-04 13:00:00-04:00,5781.00,2024-10-04 16:00:00-04:00,5795.25,1,SESSION_FLATTEN,0.559,710.25,68.0,False
2024-10-09,ES=F,LONG,2024-10-09 12:00:00-04:00,5838.75,2024-10-09 13:00:00-04:00,5823.88,1,STOP,-1.017,-745.76,39.0,False
2024-10-10,ES=F,LONG,2024-10-10 12:00:00-04:00,5837.25,2024-10-10 13:00:00-04:00,5821.05,1,STOP,-1.016,-812.04,42.5,False
2024-10-14,ES=F,LONG,2024-10-14 13:00:00-04:00,5904.25,2024-10-14 16:00:00-04:00,5913.50,1,SESSION_FLATTEN,0.727,460.25,33.9,False
2024-10-16,ES=F,LONG,2024-10-16 13:00:00-04:00,5878.50,2024-10-16 16:00:00-04:00,5883.50,1,SESSION_FLATTEN,0.379,247.75,35.2,False
2024-10-17,ES=F,LONG,2024-10-17 12:00:00-04:00,5910.50,2024-10-17 14:00:00-04:00,5893.83,1,STOP,-1.015,-835.62,43.8,False
2024-10-18,ES=F,LONG,2024-10-18 12:00:00-04:00,5900.25,2024-10-18 16:00:00-04:00,5907.25,1,SESSION_FLATTEN,0.538,347.75,34.7,False
2024-10-21,ES=F,SHORT,2024-10-21 12:00:00-04:00,5882.50,2024-10-21 15:00:00-04:00,5897.57,1,STOP,-1.017,-756.00,39.5,False
2024-10-23,ES=F,SHORT,2024-10-23 12:00:00-04:00,5855.75,2024-10-23 13:00:00-04:00,5829.22,1,TARGET,1.981,1324.23,35.7,False
2024-10-24,ES=F,SHORT,2024-10-24 12:00:00-04:00,5837.00,2024-10-24 15:00:00-04:00,5853.79,1,STOP,-1.015,-841.74,44.1,False
2024-10-28,ES=F,SHORT,2024-10-28 12:00:00-04:00,5862.50,2024-10-28 16:00:00-04:00,5864.50,1,SESSION_FLATTEN,-0.117,-102.25,45.5,False
2024-10-29,ES=F,LONG,2024-10-29 13:00:00-04:00,5874.00,2024-10-29 16:00:00-04:00,5877.75,1,SESSION_FLATTEN,0.239,185.25,41.9,False
2024-10-30,ES=F,LONG,2024-10-30 12:00:00-04:00,5884.75,2024-10-30 13:00:00-04:00,5868.15,1,STOP,-1.015,-832.09,43.6,False
2024-10-31,ES=F,SHORT,2024-10-31 12:00:00-04:00,5759.75,2024-10-31 16:00:00-04:00,5738.75,1,SESSION_FLATTEN,1.139,1047.75,49.2,False
2024-11-04,ES=F,SHORT,2024-11-04 12:00:00-05:00,5734.00,2024-11-04 13:00:00-05:00,5755.92,1,STOP,-1.012,-1098.37,57.8,False
2024-11-05,ES=F,LONG,2024-11-05 12:00:00-05:00,5801.25,2024-11-05 16:00:00-05:00,5822.00,1,SESSION_FLATTEN,1.066,1035.25,51.9,False
2024-11-06,ES=F,LONG,2024-11-06 13:00:00-05:00,5940.75,2024-11-06 16:00:00-05:00,5966.00,1,SESSION_FLATTEN,0.760,1260.25,88.5,False
2024-11-07,ES=F,LONG,2024-11-07 12:00:00-05:00,5998.25,2024-11-07 16:00:00-05:00,6006.25,1,SESSION_FLATTEN,0.442,397.75,48.3,False
2024-11-08,ES=F,LONG,2024-11-08 12:00:00-05:00,6023.25,2024-11-08 16:00:00-05:00,6023.25,1,SESSION_FLATTEN,0.000,-2.25,38.5,False
2024-11-12,ES=F,SHORT,2024-11-12 12:00:00-05:00,6007.50,2024-11-12 13:00:00-05:00,6020.90,1,STOP,-1.019,-672.15,35.1,False
2024-11-13,ES=F,LONG,2024-11-13 12:00:00-05:00,6023.75,2024-11-13 16:00:00-05:00,6018.00,1,SESSION_FLATTEN,-0.324,-289.75,47.3,False
2024-11-14,ES=F,SHORT,2024-11-14 13:00:00-05:00,5991.75,2024-11-14 16:00:00-05:00,5974.50,1,SESSION_FLATTEN,0.986,860.25,46.7,False
2024-11-15,ES=F,SHORT,2024-11-15 12:00:00-05:00,5896.25,2024-11-15 16:00:00-05:00,5900.00,1,SESSION_FLATTEN,-0.197,-189.75,50.7,False
2024-11-19,ES=F,LONG,2024-11-19 12:00:00-05:00,5925.25,2024-11-19 16:00:00-05:00,5937.25,1,SESSION_FLATTEN,0.454,597.75,70.4,False
2024-11-21,ES=F,LONG,2024-11-21 12:00:00-05:00,5953.25,2024-11-21 16:00:00-05:00,5966.25,1,SESSION_FLATTEN,0.410,647.75,84.5,False
2024-11-26,ES=F,LONG,2024-11-26 12:00:00-05:00,6028.50,2024-11-26 16:00:00-05:00,6041.25,1,SESSION_FLATTEN,0.796,635.25,42.7,False
2024-11-27,ES=F,SHORT,2024-11-27 12:00:00-05:00,6009.50,2024-11-27 16:00:00-05:00,6015.75,1,SESSION_FLATTEN,-0.473,-314.75,35.2,False
2024-11-29,ES=F,LONG,2024-11-29 11:30:00-05:00,6044.75,2024-12-01 18:00:00-05:00,6045.25,1,SESSION_FLATTEN,0.045,22.75,29.8,False
2024-12-02,ES=F,LONG,2024-12-02 12:00:00-05:00,6062.25,2024-12-02 16:00:00-05:00,6062.75,1,SESSION_FLATTEN,0.047,22.75,28.2,False
2024-12-03,ES=F,LONG,2024-12-03 13:00:00-05:00,6061.75,2024-12-03 16:00:00-05:00,6066.50,1,SESSION_FLATTEN,0.446,235.25,28.4,False
2024-12-04,ES=F,LONG,2024-12-04 12:00:00-05:00,6087.25,2024-12-04 13:00:00-05:00,6078.11,1,STOP,-1.028,-459.16,23.7,False
2024-12-05,ES=F,LONG,2024-12-05 13:00:00-05:00,6106.75,2024-12-05 13:00:00-05:00,6097.55,1,STOP,-1.028,-462.07,23.9,False
2024-12-09,ES=F,SHORT,2024-12-09 12:00:00-05:00,6078.50,2024-12-09 16:00:00-05:00,6063.50,1,SESSION_FLATTEN,1.254,747.75,31.9,False
2024-12-10,ES=F,SHORT,2024-12-10 12:00:00-05:00,6063.50,2024-12-10 15:00:00-05:00,6044.46,1,TARGET,1.974,949.83,25.7,False
2024-12-11,ES=F,LONG,2024-12-11 12:00:00-05:00,6096.00,2024-12-11 16:00:00-05:00,6087.00,1,SESSION_FLATTEN,-0.828,-452.25,29.0,False
2024-12-13,ES=F,SHORT,2024-12-13 12:00:00-05:00,6051.00,2024-12-13 16:00:00-05:00,6050.75,1,SESSION_FLATTEN,0.018,10.25,34.1,False
2024-12-16,ES=F,LONG,2024-12-16 13:00:00-05:00,6085.75,2024-12-16 15:00:00-05:00,6074.61,1,STOP,-1.023,-559.41,29.0,False
2024-12-19,ES=F,SHORT,2024-12-19 13:00:00-05:00,5898.50,2024-12-19 16:00:00-05:00,5875.25,1,SESSION_FLATTEN,0.767,1160.25,80.9,False
2024-12-23,ES=F,LONG,2024-12-23 12:00:00-05:00,6014.75,2024-12-23 16:00:00-05:00,6035.75,1,SESSION_FLATTEN,0.679,1047.75,82.5,False
2024-12-24,ES=F,LONG,2024-12-24 11:30:00-05:00,6079.25,2024-12-26 16:00:00-05:00,6091.25,1,SESSION_FLATTEN,0.505,597.75,63.4,False
2024-12-27,ES=F,SHORT,2024-12-27 12:00:00-05:00,5995.75,2024-12-27 14:00:00-05:00,6020.62,1,STOP,-1.010,-1246.00,54.3,False
2024-12-31,ES=F,SHORT,2024-12-31 12:00:00-05:00,5943.00,2024-12-31 16:00:00-05:00,5938.50,1,SESSION_FLATTEN,0.201,222.75,59.7,False
2025-01-02,ES=F,SHORT,2025-01-02 12:00:00-05:00,5951.00,2025-01-02 12:00:00-05:00,5885.99,1,TARGET,1.992,3248.40,87.0,False
2025-01-03,ES=F,LONG,2025-01-03 12:00:00-05:00,5975.00,2025-01-03 16:00:00-05:00,5985.00,1,SESSION_FLATTEN,0.373,497.75,71.5,False
2025-01-06,ES=F,LONG,2025-01-06 12:00:00-05:00,6065.75,2025-01-06 12:00:00-05:00,6044.70,1,STOP,-1.012,-1054.92,55.5,False
2025-01-07,ES=F,SHORT,2025-01-07 13:00:00-05:00,5975.75,2025-01-07 16:00:00-05:00,5955.00,1,SESSION_FLATTEN,0.675,1035.25,66.9,False
2025-01-08,ES=F,SHORT,2025-01-08 13:00:00-05:00,5934.25,2025-01-08 14:00:00-05:00,5964.21,1,STOP,-1.008,-1500.11,79.2,False
2025-01-10,ES=F,SHORT,2025-01-10 12:00:00-05:00,5851.00,2025-01-10 13:00:00-05:00,5879.91,1,STOP,-1.009,-1447.52,76.4,False
2025-01-13,ES=F,SHORT,2025-01-13 13:00:00-05:00,5855.00,2025-01-13 16:00:00-05:00,5882.00,1,SESSION_FLATTEN,-0.884,-1352.25,81.4,False
2025-01-14,ES=F,SHORT,2025-01-14 12:00:00-05:00,5846.50,2025-01-14 13:00:00-05:00,5874.52,1,STOP,-1.009,-1403.26,74.1,False
2025-01-16,ES=F,LONG,2025-01-16 12:00:00-05:00,5995.25,2025-01-16 13:00:00-05:00,5971.91,1,STOP,-1.011,-1169.19,61.6,False
2025-01-17,ES=F,LONG,2025-01-17 12:00:00-05:00,6040.75,2025-01-17 16:00:00-05:00,6032.25,1,SESSION_FLATTEN,-0.434,-427.25,52.3,False
2025-01-21,ES=F,LONG,2025-01-21 12:00:00-05:00,6071.25,2025-01-21 16:00:00-05:00,6091.50,1,SESSION_FLATTEN,1.093,1010.25,49.4,False
2025-01-22,ES=F,LONG,2025-01-22 12:00:00-05:00,6134.00,2025-01-22 15:00:00-05:00,6120.48,1,STOP,-1.019,-678.19,35.4,False
2025-01-23,ES=F,LONG,2025-01-23 12:00:00-05:00,6128.75,2025-01-23 15:00:00-05:00,6152.61,1,TARGET,1.979,1190.92,32.2,False
2025-01-27,ES=F,SHORT,2025-01-27 12:00:00-05:00,6019.25,2025-01-27 16:00:00-05:00,6050.50,1,SESSION_FLATTEN,-0.981,-1564.75,84.9,False
2025-01-28,ES=F,LONG,2025-01-28 12:00:00-05:00,6077.00,2025-01-28 16:00:00-05:00,6091.00,1,SESSION_FLATTEN,0.468,697.75,79.8,False
2025-01-29,ES=F,SHORT,2025-01-29 12:00:00-05:00,6072.50,2025-01-29 16:00:00-05:00,6076.75,1,SESSION_FLATTEN,-0.227,-214.75,49.8,False
2025-01-31,ES=F,LONG,2025-01-31 12:00:00-05:00,6137.25,2025-01-31 13:00:00-05:00,6119.02,1,STOP,-1.014,-913.81,48.0,False
2025-02-04,ES=F,LONG,2025-02-04 12:00:00-05:00,6059.75,2025-02-04 16:00:00-05:00,6045.50,1,SESSION_FLATTEN,-0.494,-714.75,76.9,False
2025-02-05,ES=F,LONG,2025-02-05 12:00:00-05:00,6071.75,2025-02-05 16:00:00-05:00,6089.75,1,SESSION_FLATTEN,0.832,897.75,57.7,False
2025-02-07,ES=F,SHORT,2025-02-07 13:00:00-05:00,6062.00,2025-02-07 16:00:00-05:00,6050.25,1,SESSION_FLATTEN,0.346,585.25,66.4,False
2025-02-12,ES=F,LONG,2025-02-12 13:00:00-05:00,6083.50,2025-02-12 16:00:00-05:00,6079.50,1,SESSION_FLATTEN,-0.156,-202.25,68.5,False
2025-02-18,ES=F,LONG,2025-02-18 12:00:00-05:00,6137.50,2025-02-18 14:00:00-05:00,6124.18,1,STOP,-1.019,-668.48,34.9,False
2025-02-19,ES=F,LONG,2025-02-19 12:00:00-05:00,6151.00,2025-02-19 16:00:00-05:00,6154.75,1,SESSION_FLATTEN,0.296,185.25,33.7,False
2025-02-21,ES=F,SHORT,2025-02-21 13:00:00-05:00,6068.00,2025-02-21 14:00:00-05:00,6031.54,1,TARGET,1.986,1820.75,48.9,False
2025-02-25,ES=F,SHORT,2025-02-25 12:00:00-05:00,5960.00,2025-02-25 13:00:00-05:00,5990.53,1,STOP,-1.008,-1528.82,80.8,False
2025-02-26,ES=F,SHORT,2025-02-26 13:00:00-05:00,5983.50,2025-02-26 16:00:00-05:00,5990.50,1,SESSION_FLATTEN,-0.286,-352.25,65.3,False
2025-02-28,ES=F,SHORT,2025-02-28 13:00:00-05:00,5860.00,2025-02-28 14:00:00-05:00,5894.34,1,STOP,-1.007,-1719.19,90.9,False
2025-03-05,ES=F,SHORT,2025-03-05 12:00:00-05:00,5779.00,2025-03-05 12:00:00-05:00,5821.31,1,STOP,-1.006,-2117.81,112.2,False
2025-03-06,ES=F,SHORT,2025-03-06 13:00:00-05:00,5749.00,2025-03-06 16:00:00-05:00,5761.50,1,SESSION_FLATTEN,-0.296,-627.25,112.4,False
2025-03-07,ES=F,SHORT,2025-03-07 12:00:00-05:00,5687.75,2025-03-07 12:00:00-05:00,5731.79,1,STOP,-1.006,-2204.49,116.8,False
2025-03-10,ES=F,SHORT,2025-03-10 13:00:00-04:00,5645.50,2025-03-10 16:00:00-04:00,5629.00,1,SESSION_FLATTEN,0.414,822.75,106.4,False
2025-03-11,ES=F,SHORT,2025-03-11 13:00:00-04:00,5557.00,2025-03-11 14:00:00-04:00,5605.43,1,STOP,-1.005,-2423.84,128.5,False
2025-03-12,ES=F,SHORT,2025-03-12 12:00:00-04:00,5604.75,2025-03-12 16:00:00-04:00,5597.50,1,SESSION_FLATTEN,0.161,360.25,120.3,False
2025-03-13,ES=F,SHORT,2025-03-13 12:00:00-04:00,5537.50,2025-03-13 16:00:00-04:00,5537.75,1,SESSION_FLATTEN,-0.006,-14.75,110.6,False
2025-03-14,ES=F,LONG,2025-03-14 12:00:00-04:00,5632.25,2025-03-14 16:00:00-04:00,5628.50,1,SESSION_FLATTEN,-0.113,-189.75,88.4,False
2025-03-18,ES=F,SHORT,2025-03-18 12:00:00-04:00,5605.25,2025-03-18 14:00:00-04:00,5630.82,1,STOP,-1.010,-1280.56,67.5,False
2025-03-19,ES=F,LONG,2025-03-19 12:00:00-04:00,5667.00,2025-03-19 13:00:00-04:00,5643.23,1,STOP,-1.011,-1190.84,62.7,False
2025-03-24,ES=F,LONG,2025-03-24 12:00:00-04:00,5814.00,2025-03-24 16:00:00-04:00,5812.75,1,SESSION_FLATTEN,-0.057,-64.75,58.3,False
2025-03-26,ES=F,SHORT,2025-03-26 12:00:00-04:00,5778.00,2025-03-26 16:00:00-04:00,5755.00,1,SESSION_FLATTEN,1.185,1147.75,51.8,False
2025-03-27,ES=F,SHORT,2025-03-27 13:00:00-04:00,5736.50,2025-03-27 15:00:00-04:00,5764.08,1,STOP,-1.009,-1381.46,72.9,False
2025-03-28,ES=F,SHORT,2025-03-28 12:00:00-04:00,5646.00,2025-03-28 16:00:00-04:00,5602.75,1,SESSION_FLATTEN,1.401,2160.25,76.3,False
2025-04-01,ES=F,LONG,2025-04-01 12:00:00-04:00,5681.25,2025-04-01 14:00:00-04:00,5646.37,1,STOP,-1.007,-1746.34,92.4,False
2025-04-02,ES=F,LONG,2025-04-02 12:00:00-04:00,5687.75,2025-04-02 16:00:00-04:00,5584.25,1,SESSION_FLATTEN,-3.220,-5177.25,85.7,False
2025-04-03,ES=F,SHORT,2025-04-03 12:00:00-04:00,5494.75,2025-04-03 16:00:00-04:00,5421.25,1,SESSION_FLATTEN,1.341,3672.75,146.2,False
2025-04-21,ES=F,SHORT,2025-04-21 12:00:00-04:00,5154.00,2025-04-21 15:00:00-04:00,5190.03,1,STOP,-1.007,-1803.89,95.4,False
2025-04-22,ES=F,LONG,2025-04-22 12:00:00-04:00,5307.75,2025-04-22 13:00:00-04:00,5274.22,1,STOP,-1.008,-1678.91,88.8,False
2025-04-24,ES=F,LONG,2025-04-24 12:00:00-04:00,5473.50,2025-04-24 16:00:00-04:00,5519.50,1,SESSION_FLATTEN,1.136,2297.75,108.0,False
2025-04-25,ES=F,LONG,2025-04-25 13:00:00-04:00,5535.00,2025-04-25 16:00:00-04:00,5552.25,1,SESSION_FLATTEN,0.473,860.25,97.2,False
2025-04-29,ES=F,LONG,2025-04-29 12:00:00-04:00,5560.25,2025-04-29 16:00:00-04:00,5582.50,1,SESSION_FLATTEN,0.735,1110.25,80.7,False
2025-05-01,ES=F,LONG,2025-05-01 12:00:00-04:00,5645.00,2025-05-01 16:00:00-04:00,5611.50,1,SESSION_FLATTEN,-0.945,-1677.25,94.6,False
2025-05-02,ES=F,LONG,2025-05-02 12:00:00-04:00,5703.25,2025-05-02 16:00:00-04:00,5710.25,1,SESSION_FLATTEN,0.203,347.75,91.8,False
2025-05-05,ES=F,LONG,2025-05-05 12:00:00-04:00,5689.25,2025-05-05 16:00:00-04:00,5671.00,1,SESSION_FLATTEN,-0.765,-914.75,63.6,False
2025-05-07,ES=F,SHORT,2025-05-07 12:00:00-04:00,5635.75,2025-05-07 15:00:00-04:00,5663.29,1,STOP,-1.009,-1379.04,72.8,False
2025-05-08,ES=F,LONG,2025-05-08 12:00:00-04:00,5721.50,2025-05-08 15:00:00-04:00,5685.59,1,STOP,-1.007,-1797.71,95.1,False
2025-05-12,ES=F,LONG,2025-05-12 13:00:00-04:00,5847.25,2025-05-12 16:00:00-04:00,5868.00,1,SESSION_FLATTEN,0.581,1035.25,95.2,False
2025-05-13,ES=F,LONG,2025-05-13 12:00:00-04:00,5912.50,2025-05-13 16:00:00-04:00,5900.50,1,SESSION_FLATTEN,-0.477,-602.25,67.1,False
2025-05-14,ES=F,LONG,2025-05-14 12:00:00-04:00,5915.50,2025-05-14 13:00:00-04:00,5894.12,1,STOP,-1.012,-1071.23,56.3,False
2025-05-15,ES=F,LONG,2025-05-15 12:00:00-04:00,5925.75,2025-05-15 16:00:00-04:00,5933.75,1,SESSION_FLATTEN,0.377,397.75,56.6,False
2025-05-16,ES=F,LONG,2025-05-16 13:00:00-04:00,5955.00,2025-05-16 16:00:00-04:00,5948.25,1,SESSION_FLATTEN,-0.367,-339.75,49.0,False
2025-05-19,ES=F,LONG,2025-05-19 12:00:00-04:00,5962.75,2025-05-19 16:00:00-04:00,5980.25,1,SESSION_FLATTEN,0.707,872.75,66.0,False
2025-05-21,ES=F,LONG,2025-05-21 12:00:00-04:00,5947.75,2025-05-21 13:00:00-04:00,5924.66,1,STOP,-1.011,-1156.59,60.9,False
2025-05-26,ES=F,LONG,2025-05-26 12:00:00-04:00,5887.75,2025-05-26 18:00:00-04:00,5878.50,1,SESSION_FLATTEN,-0.416,-464.75,59.3,False
2025-05-27,ES=F,LONG,2025-05-27 12:00:00-04:00,5915.25,2025-05-27 16:00:00-04:00,5940.00,1,SESSION_FLATTEN,1.117,1235.25,59.1,False
2025-05-29,ES=F,SHORT,2025-05-29 12:00:00-04:00,5894.75,2025-05-29 13:00:00-04:00,5926.58,1,STOP,-1.008,-1593.82,84.2,False
2025-05-30,ES=F,SHORT,2025-05-30 13:00:00-04:00,5864.75,2025-05-30 14:00:00-04:00,5896.39,1,STOP,-1.008,-1584.23,83.7,False
2025-06-02,ES=F,LONG,2025-06-02 12:00:00-04:00,5919.00,2025-06-02 16:00:00-04:00,5949.00,1,SESSION_FLATTEN,1.068,1497.75,74.9,False
2025-06-03,ES=F,LONG,2025-06-03 12:00:00-04:00,5977.25,2025-06-03 16:00:00-04:00,5980.00,1,SESSION_FLATTEN,0.139,135.25,52.9,False
2025-06-04,ES=F,LONG,2025-06-04 12:00:00-04:00,5988.25,2025-06-04 16:00:00-04:00,5976.50,1,SESSION_FLATTEN,-0.673,-589.75,46.6,False
2025-06-05,ES=F,LONG,2025-06-05 12:00:00-04:00,6006.50,2025-06-05 12:00:00-04:00,5982.79,1,STOP,-1.011,-1187.92,62.6,False
2025-06-09,ES=F,LONG,2025-06-09 13:00:00-04:00,6022.50,2025-06-09 16:00:00-04:00,6011.75,1,SESSION_FLATTEN,-0.626,-539.75,45.8,False
2025-06-10,ES=F,LONG,2025-06-10 13:00:00-04:00,6035.25,2025-06-10 14:00:00-04:00,6016.97,1,STOP,-1.014,-916.04,48.1,False
2025-06-12,ES=F,LONG,2025-06-12 12:00:00-04:00,6038.25,2025-06-12 16:00:00-04:00,6042.25,1,SESSION_FLATTEN,0.168,197.75,63.5,False
2025-06-13,ES=F,LONG,2025-06-13 12:00:00-04:00,6023.75,2025-06-13 14:00:00-04:00,5993.83,1,STOP,-1.008,-1498.39,79.1,False
2025-06-17,ES=F,LONG,2025-06-17 12:00:00-04:00,6017.00,2025-06-17 13:00:00-04:00,5994.04,1,STOP,-1.011,-1150.25,60.6,False
2025-06-19,ES=F,SHORT,2025-06-19 12:00:00-04:00,5922.00,2025-06-19 18:00:00-04:00,5966.00,1,SESSION_FLATTEN,-1.963,-2202.25,59.8,False
2025-06-24,ES=F,LONG,2025-06-24 12:00:00-04:00,6134.50,2025-06-24 16:00:00-04:00,6143.25,1,SESSION_FLATTEN,0.375,435.25,62.3,False
2025-06-26,ES=F,LONG,2025-06-26 12:00:00-04:00,6181.75,2025-06-26 16:00:00-04:00,6195.50,1,SESSION_FLATTEN,1.040,685.25,35.3,False
2025-06-27,ES=F,LONG,2025-06-27 12:00:00-04:00,6234.25,2025-06-27 13:00:00-04:00,6220.36,1,STOP,-1.018,-696.66,36.4,False
2025-06-30,ES=F,LONG,2025-06-30 12:00:00-04:00,6239.50,2025-06-30 13:00:00-04:00,6224.32,1,STOP,-1.017,-761.49,39.8,False
2025-07-01,ES=F,LONG,2025-07-01 13:00:00-04:00,6243.75,2025-07-01 16:00:00-04:00,6248.00,1,SESSION_FLATTEN,0.251,210.25,45.2,False
2025-07-02,ES=F,LONG,2025-07-02 12:00:00-04:00,6265.00,2025-07-02 16:00:00-04:00,6276.75,1,SESSION_FLATTEN,0.745,585.25,42.1,False
2025-07-03,ES=F,LONG,2025-07-03 11:30:00-04:00,6323.25,2025-07-04 11:00:00-04:00,6307.29,1,STOP,-1.016,-800.46,41.9,False
2025-07-07,ES=F,SHORT,2025-07-07 12:00:00-04:00,6285.25,2025-07-07 14:00:00-04:00,6254.53,1,TARGET,1.984,1533.55,41.3,False
2025-07-10,ES=F,LONG,2025-07-10 12:00:00-04:00,6322.75,2025-07-10 16:00:00-04:00,6321.25,1,SESSION_FLATTEN,-0.102,-77.25,39.2,False
2025-07-11,ES=F,LONG,2025-07-11 12:00:00-04:00,6301.75,2025-07-11 16:00:00-04:00,6293.75,1,SESSION_FLATTEN,-0.430,-402.25,49.6,False
2025-07-14,ES=F,LONG,2025-07-14 12:00:00-04:00,6302.50,2025-07-14 16:00:00-04:00,6309.25,1,SESSION_FLATTEN,0.390,335.25,46.2,False
2025-07-15,ES=F,SHORT,2025-07-15 13:00:00-04:00,6293.75,2025-07-15 16:00:00-04:00,6274.00,1,SESSION_FLATTEN,0.980,985.25,53.7,False
2025-07-16,ES=F,SHORT,2025-07-16 12:00:00-04:00,6280.50,2025-07-16 14:00:00-04:00,6303.22,1,STOP,-1.011,-1138.02,59.9,False
2025-07-17,ES=F,LONG,2025-07-17 12:00:00-04:00,6333.50,2025-07-17 16:00:00-04:00,6342.00,1,SESSION_FLATTEN,0.507,422.75,44.7,False
2025-07-18,ES=F,SHORT,2025-07-18 13:00:00-04:00,6325.25,2025-07-18 16:00:00-04:00,6335.50,1,SESSION_FLATTEN,-0.740,-514.75,36.9,False
2025-07-21,ES=F,LONG,2025-07-21 12:00:00-04:00,6370.50,2025-07-21 15:00:00-04:00,6358.71,1,STOP,-1.022,-591.90,30.8,False
2025-07-23,ES=F,LONG,2025-07-23 12:00:00-04:00,6377.75,2025-07-23 16:00:00-04:00,6405.50,1,SESSION_FLATTEN,1.823,1385.25,40.6,False
2025-07-24,ES=F,LONG,2025-07-24 12:00:00-04:00,6412.00,2025-07-24 16:00:00-04:00,6406.25,1,SESSION_FLATTEN,-0.430,-289.75,35.7,False
2025-07-25,ES=F,LONG,2025-07-25 13:00:00-04:00,6423.50,2025-07-25 16:00:00-04:00,6428.00,1,SESSION_FLATTEN,0.392,222.75,30.6,False
2025-07-29,ES=F,SHORT,2025-07-29 12:00:00-04:00,6411.75,2025-07-29 16:00:00-04:00,6403.75,1,SESSION_FLATTEN,0.627,397.75,34.0,False
2025-07-30,ES=F,SHORT,2025-07-30 12:00:00-04:00,6413.50,2025-07-30 14:00:00-04:00,6425.54,1,STOP,-1.021,-604.42,31.4,False
2025-07-31,ES=F,SHORT,2025-07-31 12:00:00-04:00,6427.00,2025-07-31 13:00:00-04:00,6385.67,1,TARGET,1.988,2064.27,55.4,False
2025-08-04,ES=F,LONG,2025-08-04 12:00:00-04:00,6345.75,2025-08-04 16:00:00-04:00,6369.25,1,SESSION_FLATTEN,0.966,1172.75,64.9,False
2025-08-06,ES=F,LONG,2025-08-06 12:00:00-04:00,6372.00,2025-08-06 16:00:00-04:00,6370.50,1,SESSION_FLATTEN,-0.072,-77.25,55.9,False
2025-08-07,ES=F,SHORT,2025-08-07 12:00:00-04:00,6361.50,2025-08-07 16:00:00-04:00,6374.00,1,SESSION_FLATTEN,-0.552,-627.25,57.8,False
2025-08-08,ES=F,LONG,2025-08-08 13:00:00-04:00,6408.25,2025-08-08 16:00:00-04:00,6413.25,1,SESSION_FLATTEN,0.283,247.75,47.1,False
2025-08-11,ES=F,LONG,2025-08-11 13:00:00-04:00,6415.00,2025-08-11 14:00:00-04:00,6399.40,1,STOP,-1.016,-782.49,40.9,False
2025-08-12,ES=F,LONG,2025-08-12 12:00:00-04:00,6453.75,2025-08-12 16:00:00-04:00,6468.25,1,SESSION_FLATTEN,0.692,722.75,55.9,False
2025-08-15,ES=F,SHORT,2025-08-15 12:00:00-04:00,6470.25,2025-08-15 16:00:00-04:00,6471.75,1,SESSION_FLATTEN,-0.095,-77.25,41.9,False
2025-08-18,ES=F,SHORT,2025-08-18 13:00:00-04:00,6460.50,2025-08-18 16:00:00-04:00,6467.25,1,SESSION_FLATTEN,-0.473,-339.75,38.1,False
2025-08-19,ES=F,SHORT,2025-08-19 12:00:00-04:00,6441.75,2025-08-19 16:00:00-04:00,6435.25,1,SESSION_FLATTEN,0.437,322.75,38.9,False
2025-08-22,ES=F,LONG,2025-08-22 12:00:00-04:00,6485.50,2025-08-22 16:00:00-04:00,6483.00,1,SESSION_FLATTEN,-0.064,-127.25,64.7,False
2025-08-25,ES=F,LONG,2025-08-25 12:00:00-04:00,6479.50,2025-08-25 15:00:00-04:00,6465.40,1,STOP,-1.018,-707.40,36.9,False
2025-08-26,ES=F,LONG,2025-08-26 13:00:00-04:00,6462.50,2025-08-26 16:00:00-04:00,6486.75,1,SESSION_FLATTEN,1.807,1210.25,35.8,False
2025-08-27,ES=F,LONG,2025-08-27 12:00:00-04:00,6494.50,2025-08-27 12:00:00-04:00,6483.13,1,STOP,-1.022,-570.60,29.6,False
2025-08-28,ES=F,LONG,2025-08-28 12:00:00-04:00,6498.25,2025-08-28 16:00:00-04:00,6516.00,1,SESSION_FLATTEN,1.066,885.25,44.4,False
2025-09-02,ES=F,SHORT,2025-09-02 12:00:00-04:00,6374.25,2025-09-02 13:00:00-04:00,6400.84,1,STOP,-1.009,-1331.53,70.2,False
2025-09-03,ES=F,SHORT,2025-09-03 13:00:00-04:00,6439.75,2025-09-03 16:00:00-04:00,6460.75,1,SESSION_FLATTEN,-0.992,-1052.25,56.5,False
2025-09-04,ES=F,LONG,2025-09-04 12:00:00-04:00,6483.50,2025-09-04 16:00:00-04:00,6512.25,1,SESSION_FLATTEN,1.683,1435.25,45.6,False
2025-09-05,ES=F,SHORT,2025-09-05 12:00:00-04:00,6475.25,2025-09-05 16:00:00-04:00,6489.00,1,SESSION_FLATTEN,-0.389,-689.75,62.9,False
2025-09-08,ES=F,LONG,2025-09-08 12:00:00-04:00,6512.25,2025-09-08 12:00:00-04:00,6495.78,1,STOP,-1.015,-825.68,43.2,False
2025-09-11,ES=F,LONG,2025-09-11 12:00:00-04:00,6589.00,2025-09-11 16:00:00-04:00,6591.50,1,SESSION_FLATTEN,0.163,122.75,40.9,False
2025-09-15,ES=F,LONG,2025-09-15 12:00:00-04:00,6619.25,2025-09-15 13:00:00-04:00,6608.41,1,STOP,-1.024,-544.00,28.2,False
2025-09-19,ES=F,LONG,2025-09-19 13:00:00-04:00,6710.25,2025-09-19 16:00:00-04:00,6722.25,1,SESSION_FLATTEN,0.514,597.75,62.3,False
2025-09-22,ES=F,LONG,2025-09-22 12:00:00-04:00,6730.00,2025-09-22 16:00:00-04:00,6749.50,1,SESSION_FLATTEN,1.236,972.75,42.1,False
2025-09-24,ES=F,SHORT,2025-09-24 12:00:00-04:00,6685.25,2025-09-24 13:00:00-04:00,6699.85,1,STOP,-1.017,-732.22,38.3,False
2025-09-30,ES=F,LONG,2025-09-30 12:00:00-04:00,6707.50,2025-09-30 15:00:00-04:00,6739.93,1,TARGET,1.985,1619.05,43.6,False
2025-10-01,ES=F,LONG,2025-10-01 12:00:00-04:00,6745.25,2025-10-01 16:00:00-04:00,6756.75,1,SESSION_FLATTEN,0.558,572.75,55.0,False
2025-10-03,ES=F,LONG,2025-10-03 12:00:00-04:00,6798.25,2025-10-03 13:00:00-04:00,6783.38,1,STOP,-1.017,-745.62,39.0,False
2025-10-06,ES=F,LONG,2025-10-06 12:00:00-04:00,6790.50,2025-10-06 16:00:00-04:00,6790.00,1,SESSION_FLATTEN,-0.032,-27.25,41.5,False
2025-10-07,ES=F,SHORT,2025-10-07 12:00:00-04:00,6752.75,2025-10-07 16:00:00-04:00,6765.25,1,SESSION_FLATTEN,-0.722,-627.25,46.1,False
2025-10-08,ES=F,LONG,2025-10-08 12:00:00-04:00,6799.75,2025-10-08 16:00:00-04:00,6803.00,1,SESSION_FLATTEN,0.220,160.25,39.5,False
2025-10-09,ES=F,SHORT,2025-10-09 13:00:00-04:00,6766.75,2025-10-09 16:00:00-04:00,6780.00,1,SESSION_FLATTEN,-0.807,-664.75,43.8,False
2025-10-10,ES=F,SHORT,2025-10-10 12:00:00-04:00,6682.25,2025-10-10 15:00:00-04:00,6624.13,1,TARGET,1.991,2903.84,77.8,False
2025-10-13,ES=F,SHORT,2025-10-13 12:00:00-04:00,6694.25,2025-10-13 16:00:00-04:00,6690.00,1,SESSION_FLATTEN,0.117,210.25,96.6,False
2025-10-14,ES=F,LONG,2025-10-14 12:00:00-04:00,6687.75,2025-10-14 16:00:00-04:00,6684.75,1,SESSION_FLATTEN,-0.077,-152.25,103.7,False
2025-10-16,ES=F,SHORT,2025-10-16 12:00:00-04:00,6707.25,2025-10-16 14:00:00-04:00,6653.46,1,TARGET,1.991,2687.12,72.0,False
2025-10-21,ES=F,LONG,2025-10-21 12:00:00-04:00,6782.50,2025-10-21 16:00:00-04:00,6772.25,1,SESSION_FLATTEN,-0.619,-514.75,44.1,False
2025-10-22,ES=F,SHORT,2025-10-22 12:00:00-04:00,6748.75,2025-10-22 12:00:00-04:00,6707.72,1,TARGET,1.988,2049.27,55.0,False
2025-10-23,ES=F,LONG,2025-10-23 12:00:00-04:00,6761.00,2025-10-23 16:00:00-04:00,6777.50,1,SESSION_FLATTEN,0.660,822.75,66.7,False
2025-10-24,ES=F,LONG,2025-10-24 12:00:00-04:00,6836.00,2025-10-24 16:00:00-04:00,6826.75,1,SESSION_FLATTEN,-0.447,-464.75,55.1,False
2025-10-27,ES=F,LONG,2025-10-27 13:00:00-04:00,6894.00,2025-10-27 16:00:00-04:00,6913.75,1,SESSION_FLATTEN,1.315,985.25,40.1,False
2025-10-28,ES=F,LONG,2025-10-28 13:00:00-04:00,6924.75,2025-10-28 16:00:00-04:00,6927.25,1,SESSION_FLATTEN,0.183,122.75,36.5,False
2025-10-30,ES=F,SHORT,2025-10-30 12:00:00-04:00,6887.50,2025-10-30 16:00:00-04:00,6894.25,1,SESSION_FLATTEN,-0.210,-339.75,85.7,False
2025-10-31,ES=F,SHORT,2025-10-31 12:00:00-04:00,6873.50,2025-10-31 15:00:00-04:00,6899.24,1,STOP,-1.010,-1289.34,68.0,False
2025-11-04,ES=F,SHORT,2025-11-04 12:00:00-05:00,6831.50,2025-11-04 16:00:00-05:00,6806.50,1,SESSION_FLATTEN,0.958,1247.75,69.6,False
2025-11-05,ES=F,LONG,2025-11-05 12:00:00-05:00,6842.75,2025-11-05 16:00:00-05:00,6827.25,1,SESSION_FLATTEN,-0.520,-777.25,79.5,False
2025-11-06,ES=F,SHORT,2025-11-06 12:00:00-05:00,6738.50,2025-11-06 13:00:00-05:00,6767.56,1,STOP,-1.009,-1455.31,76.8,False
2025-11-07,ES=F,SHORT,2025-11-07 12:00:00-05:00,6663.00,2025-11-07 13:00:00-05:00,6696.69,1,STOP,-1.007,-1686.77,89.2,False
2025-11-10,ES=F,LONG,2025-11-10 13:00:00-05:00,6838.00,2025-11-10 16:00:00-05:00,6857.50,1,SESSION_FLATTEN,0.727,972.75,71.5,False
2025-11-11,ES=F,LONG,2025-11-11 12:00:00-05:00,6841.25,2025-11-11 14:00:00-05:00,6877.54,1,TARGET,1.986,1812.47,48.7,False
2025-11-13,ES=F,SHORT,2025-11-13 12:00:00-05:00,6792.75,2025-11-13 16:00:00-05:00,6762.75,1,SESSION_FLATTEN,1.071,1497.75,74.5,False
2025-11-17,ES=F,SHORT,2025-11-17 12:00:00-05:00,6766.75,2025-11-17 14:00:00-05:00,6694.57,1,TARGET,1.993,3606.89,96.6,False
2025-11-18,ES=F,SHORT,2025-11-18 12:00:00-05:00,6647.00,2025-11-18 16:00:00-05:00,6628.00,1,SESSION_FLATTEN,0.440,947.75,115.1,False
2025-11-19,ES=F,SHORT,2025-11-19 12:00:00-05:00,6659.75,2025-11-19 16:00:00-05:00,6696.25,1,SESSION_FLATTEN,-0.968,-1827.25,100.5,False
2025-11-20,ES=F,SHORT,2025-11-20 12:00:00-05:00,6635.75,2025-11-20 16:00:00-05:00,6552.25,1,SESSION_FLATTEN,1.821,4172.75,122.2,False
2025-11-21,ES=F,LONG,2025-11-21 12:00:00-05:00,6638.00,2025-11-21 16:00:00-05:00,6631.25,1,SESSION_FLATTEN,-0.120,-339.75,149.9,False
2025-11-24,ES=F,LONG,2025-11-24 12:00:00-05:00,6706.50,2025-11-24 16:00:00-05:00,6724.75,1,SESSION_FLATTEN,0.473,910.25,102.8,False
2025-11-25,ES=F,LONG,2025-11-25 12:00:00-05:00,6747.75,2025-11-25 16:00:00-05:00,6781.25,1,SESSION_FLATTEN,1.045,1672.75,85.5,False
2025-11-26,ES=F,LONG,2025-11-26 12:00:00-05:00,6843.00,2025-11-26 16:00:00-05:00,6830.00,1,SESSION_FLATTEN,-0.587,-652.25,59.0,False
2025-11-28,ES=F,LONG,2025-11-28 11:30:00-05:00,6851.25,2025-11-30 18:00:00-05:00,6852.75,1,SESSION_FLATTEN,0.086,72.75,46.7,False
2025-12-01,ES=F,LONG,2025-12-01 12:00:00-05:00,6845.25,2025-12-01 15:00:00-05:00,6822.26,1,STOP,-1.011,-1151.57,60.6,False
2025-12-02,ES=F,LONG,2025-12-02 12:00:00-05:00,6830.75,2025-12-02 16:00:00-05:00,6842.50,1,SESSION_FLATTEN,0.524,585.25,59.7,False
2025-12-03,ES=F,LONG,2025-12-03 12:00:00-05:00,6846.25,2025-12-03 16:00:00-05:00,6861.75,1,SESSION_FLATTEN,0.760,772.75,54.4,False
2025-12-08,ES=F,SHORT,2025-12-08 12:00:00-05:00,6853.00,2025-12-08 16:00:00-05:00,6864.75,1,SESSION_FLATTEN,-0.762,-589.75,41.1,False
2025-12-09,ES=F,LONG,2025-12-09 12:00:00-05:00,6868.75,2025-12-09 13:00:00-05:00,6852.95,1,STOP,-1.016,-792.04,41.5,False
2025-12-10,ES=F,SHORT,2025-12-10 12:00:00-05:00,6853.25,2025-12-10 14:00:00-05:00,6871.16,1,STOP,-1.014,-897.51,47.1,False
2025-12-11,ES=F,LONG,2025-12-11 12:00:00-05:00,6872.00,2025-12-11 16:00:00-05:00,6924.75,1,SESSION_FLATTEN,1.908,2635.25,73.7,False
2025-12-12,ES=F,SHORT,2025-12-12 12:00:00-05:00,6819.00,2025-12-12 13:00:00-05:00,6850.62,1,STOP,-1.008,-1583.50,72.4,False
2025-12-18,ES=F,LONG,2025-12-18 12:00:00-05:00,6860.00,2025-12-18 12:00:00-05:00,6817.45,1,STOP,-1.006,-2129.99,112.8,False
2025-12-19,ES=F,LONG,2025-12-19 12:00:00-05:00,6879.75,2025-12-19 16:00:00-05:00,6893.00,1,SESSION_FLATTEN,0.462,660.25,76.5,False
2025-12-22,ES=F,LONG,2025-12-22 12:00:00-05:00,6932.50,2025-12-22 16:00:00-05:00,6930.50,1,SESSION_FLATTEN,-0.129,-102.25,41.4,False
2025-12-23,ES=F,LONG,2025-12-23 12:00:00-05:00,6951.00,2025-12-23 16:00:00-05:00,6957.75,1,SESSION_FLATTEN,0.462,335.25,39.0,False
2025-12-24,ES=F,LONG,2025-12-24 11:30:00-05:00,6975.25,2025-12-26 16:00:00-05:00,6979.00,1,SESSION_FLATTEN,0.340,185.25,29.4,False
2025-12-29,ES=F,SHORT,2025-12-29 12:00:00-05:00,6946.25,2025-12-29 14:00:00-05:00,6960.79,1,STOP,-1.017,-729.21,38.1,False
2026-01-02,ES=F,SHORT,2026-01-02 12:00:00-05:00,6880.00,2026-01-02 16:00:00-05:00,6900.25,1,SESSION_FLATTEN,-0.681,-1014.75,61.6,False
2026-01-05,ES=F,LONG,2026-01-05 12:00:00-05:00,6958.25,2026-01-05 16:00:00-05:00,6943.25,1,SESSION_FLATTEN,-0.768,-752.25,52.1,False
2026-01-06,ES=F,LONG,2026-01-06 13:00:00-05:00,6978.00,2026-01-06 16:00:00-05:00,6988.25,1,SESSION_FLATTEN,0.578,510.25,47.3,False
2026-01-07,ES=F,LONG,2026-01-07 12:00:00-05:00,7002.50,2026-01-07 13:00:00-05:00,6989.23,1,STOP,-1.019,-665.76,34.7,False
2026-01-08,ES=F,LONG,2026-01-08 12:00:00-05:00,6965.50,2026-01-08 16:00:00-05:00,6971.00,1,SESSION_FLATTEN,0.317,272.75,46.3,False
2026-01-09,ES=F,LONG,2026-01-09 12:00:00-05:00,7004.25,2026-01-09 16:00:00-05:00,7004.75,1,SESSION_FLATTEN,0.023,22.75,53.9,False
2026-01-12,ES=F,LONG,2026-01-12 12:00:00-05:00,7010.00,2026-01-12 16:00:00-05:00,7011.25,1,SESSION_FLATTEN,0.068,60.25,48.9,False
2026-01-13,ES=F,LONG,2026-01-13 12:00:00-05:00,7012.75,2026-01-13 12:00:00-05:00,6993.72,1,STOP,-1.013,-953.72,50.1,False
2026-01-14,ES=F,SHORT,2026-01-14 12:00:00-05:00,6927.50,2026-01-14 15:00:00-05:00,6952.23,1,STOP,-1.010,-1238.67,65.3,False
2026-01-15,ES=F,LONG,2026-01-15 12:00:00-05:00,7013.50,2026-01-15 14:00:00-05:00,6994.26,1,STOP,-1.013,-964.34,50.6,False
2026-01-20,ES=F,SHORT,2026-01-20 13:00:00-05:00,6867.00,2026-01-20 16:00:00-05:00,6837.75,1,SESSION_FLATTEN,0.923,1460.25,84.5,False
2026-01-21,ES=F,SHORT,2026-01-21 12:00:00-05:00,6856.75,2026-01-21 14:00:00-05:00,6890.15,1,STOP,-1.008,-1672.34,88.4,False
2026-01-22,ES=F,LONG,2026-01-22 12:00:00-05:00,6954.50,2026-01-22 16:00:00-05:00,6940.00,1,SESSION_FLATTEN,-0.528,-727.25,73.3,False
2026-01-23,ES=F,LONG,2026-01-23 12:00:00-05:00,6952.00,2026-01-23 16:00:00-05:00,6933.50,1,SESSION_FLATTEN,-0.870,-927.25,56.7,False
2026-01-26,ES=F,LONG,2026-01-26 13:00:00-05:00,6986.25,2026-01-26 16:00:00-05:00,6976.75,1,SESSION_FLATTEN,-0.459,-477.25,55.2,False
2026-01-27,ES=F,LONG,2026-01-27 12:00:00-05:00,7013.25,2026-01-27 16:00:00-05:00,7009.25,1,SESSION_FLATTEN,-0.281,-202.25,38.0,False
2026-01-28,ES=F,SHORT,2026-01-28 12:00:00-05:00,6999.00,2026-01-28 15:00:00-05:00,7014.32,1,STOP,-1.017,-768.48,40.2,False
2026-01-29,ES=F,SHORT,2026-01-29 12:00:00-05:00,6937.00,2026-01-29 14:00:00-05:00,6969.75,1,STOP,-1.008,-1639.75,82.1,False
2026-02-03,ES=F,SHORT,2026-02-03 12:00:00-05:00,6952.75,2026-02-03 13:00:00-05:00,6901.35,1,TARGET,1.990,2567.75,68.9,False
2026-02-04,ES=F,SHORT,2026-02-04 12:00:00-05:00,6910.75,2026-02-04 16:00:00-05:00,6928.75,1,SESSION_FLATTEN,-0.567,-902.25,84.6,False
2026-02-05,ES=F,SHORT,2026-02-05 12:00:00-05:00,6855.75,2026-02-05 16:00:00-05:00,6789.00,1,SESSION_FLATTEN,1.452,3335.25,122.6,False
2026-02-06,ES=F,LONG,2026-02-06 12:00:00-05:00,6916.75,2026-02-06 16:00:00-05:00,6952.50,1,SESSION_FLATTEN,0.831,1785.25,114.7,False
2026-02-09,ES=F,LONG,2026-02-09 12:00:00-05:00,6995.75,2026-02-09 16:00:00-05:00,6983.75,1,SESSION_FLATTEN,-0.398,-602.25,80.5,False
2026-02-12,ES=F,SHORT,2026-02-12 12:00:00-05:00,6884.25,2026-02-12 16:00:00-05:00,6862.00,1,SESSION_FLATTEN,0.785,1110.25,75.6,False
2026-02-18,ES=F,LONG,2026-02-18 12:00:00-05:00,6909.50,2026-02-18 14:00:00-05:00,6880.76,1,STOP,-1.009,-1439.43,76.0,False
2026-02-19,ES=F,SHORT,2026-02-19 12:00:00-05:00,6867.50,2026-02-19 16:00:00-05:00,6872.50,1,SESSION_FLATTEN,-0.177,-252.25,75.3,False
2026-02-23,ES=F,SHORT,2026-02-23 12:00:00-05:00,6848.75,2026-02-23 16:00:00-05:00,6858.50,1,SESSION_FLATTEN,-0.315,-489.75,82.6,False
2026-02-24,ES=F,LONG,2026-02-24 12:00:00-05:00,6894.00,2026-02-24 16:00:00-05:00,6899.75,1,SESSION_FLATTEN,0.200,285.25,76.7,False
2026-02-25,ES=F,LONG,2026-02-25 12:00:00-05:00,6949.75,2026-02-25 16:00:00-05:00,6975.25,1,SESSION_FLATTEN,1.308,1272.75,52.0,False
2026-03-02,ES=F,LONG,2026-03-02 12:00:00-05:00,6887.25,2026-03-02 16:00:00-05:00,6884.25,1,SESSION_FLATTEN,-0.075,-152.25,106.3,False
2026-03-04,ES=F,LONG,2026-03-04 12:00:00-05:00,6881.00,2026-03-04 16:00:00-05:00,6878.75,1,SESSION_FLATTEN,-0.051,-114.75,117.4,False
2026-03-05,ES=F,SHORT,2026-03-05 12:00:00-05:00,6831.75,2026-03-05 16:00:00-05:00,6825.00,1,SESSION_FLATTEN,0.170,335.25,105.8,False
2026-03-09,ES=F,LONG,2026-03-09 13:00:00-04:00,6731.00,2026-03-09 16:00:00-04:00,6793.50,1,SESSION_FLATTEN,1.283,3122.75,129.9,False
2026-03-10,ES=F,LONG,2026-03-10 12:00:00-04:00,6832.00,2026-03-10 15:00:00-04:00,6789.04,1,STOP,-1.006,-2150.17,113.9,False
2026-03-11,ES=F,SHORT,2026-03-11 12:00:00-04:00,6758.25,2026-03-11 16:00:00-04:00,6770.00,1,SESSION_FLATTEN,-0.286,-589.75,109.7,False
2026-03-12,ES=F,SHORT,2026-03-12 12:00:00-04:00,6708.75,2026-03-12 16:00:00-04:00,6685.50,1,SESSION_FLATTEN,0.638,1160.25,97.1,False
2026-03-13,ES=F,SHORT,2026-03-13 12:00:00-04:00,6647.00,2026-03-13 16:00:00-04:00,6636.25,1,SESSION_FLATTEN,0.275,535.25,104.3,False
2026-03-16,ES=F,LONG,2026-03-16 12:00:00-04:00,6749.00,2026-03-16 16:00:00-04:00,6749.50,1,SESSION_FLATTEN,0.013,22.75,104.3,False
2026-03-24,ES=F,LONG,2026-03-24 12:00:00-04:00,6626.25,2026-03-24 16:00:00-04:00,6646.00,1,SESSION_FLATTEN,0.402,985.25,131.1,False
2026-03-26,ES=F,SHORT,2026-03-26 13:00:00-04:00,6568.25,2026-03-26 16:00:00-04:00,6535.75,1,SESSION_FLATTEN,0.887,1622.75,97.8,False
2026-03-27,ES=F,SHORT,2026-03-27 13:00:00-04:00,6455.25,2026-03-27 16:00:00-04:00,6398.25,1,SESSION_FLATTEN,1.594,2847.75,95.4,False
2026-03-31,ES=F,LONG,2026-03-31 13:00:00-04:00,6535.00,2026-03-31 16:00:00-04:00,6567.25,1,SESSION_FLATTEN,0.618,1610.25,139.1,False
2026-04-01,ES=F,LONG,2026-04-01 12:00:00-04:00,6647.25,2026-04-01 14:00:00-04:00,6608.09,1,STOP,-1.006,-1960.27,103.8,False
2026-04-07,ES=F,SHORT,2026-04-07 12:00:00-04:00,6600.25,2026-04-07 13:00:00-04:00,6635.90,1,STOP,-1.007,-1784.99,94.4,False
2026-04-08,ES=F,LONG,2026-04-08 13:00:00-04:00,6826.25,2026-04-08 16:00:00-04:00,6816.00,1,SESSION_FLATTEN,-0.281,-514.75,97.3,False
2026-04-09,ES=F,LONG,2026-04-09 12:00:00-04:00,6852.50,2026-04-09 16:00:00-04:00,6860.50,1,SESSION_FLATTEN,0.303,397.75,70.5,False
2026-04-10,ES=F,LONG,2026-04-10 12:00:00-04:00,6857.00,2026-04-10 16:00:00-04:00,6855.00,1,SESSION_FLATTEN,-0.090,-102.25,59.3,False
2026-04-13,ES=F,LONG,2026-04-13 13:00:00-04:00,6885.00,2026-04-13 16:00:00-04:00,6927.25,1,SESSION_FLATTEN,1.519,2110.25,74.2,False
2026-04-14,ES=F,LONG,2026-04-14 12:00:00-04:00,6991.00,2026-04-14 16:00:00-04:00,7004.00,1,SESSION_FLATTEN,0.610,647.75,56.9,False
2026-04-15,ES=F,LONG,2026-04-15 12:00:00-04:00,7032.25,2026-04-15 16:00:00-04:00,7058.00,1,SESSION_FLATTEN,1.392,1285.25,49.3,False
2026-04-16,ES=F,LONG,2026-04-16 12:00:00-04:00,7084.25,2026-04-16 12:00:00-04:00,7066.06,1,STOP,-1.014,-911.93,47.8,False
2026-04-17,ES=F,LONG,2026-04-17 13:00:00-04:00,7181.50,2026-04-17 13:00:00-04:00,7159.79,1,STOP,-1.012,-1087.76,57.2,False
2026-04-21,ES=F,SHORT,2026-04-21 12:00:00-04:00,7126.25,2026-04-21 16:00:00-04:00,7122.50,1,SESSION_FLATTEN,0.161,185.25,62.2,False
2026-04-23,ES=F,LONG,2026-04-23 12:00:00-04:00,7169.00,2026-04-23 13:00:00-04:00,7141.23,1,STOP,-1.009,-1390.55,73.4,False
2026-04-24,ES=F,LONG,2026-04-24 12:00:00-04:00,7193.75,2026-04-24 16:00:00-04:00,7195.75,1,SESSION_FLATTEN,0.068,97.75,78.5,False
2026-04-29,ES=F,SHORT,2026-04-29 12:00:00-04:00,7153.50,2026-04-29 16:00:00-04:00,7141.75,1,SESSION_FLATTEN,0.578,585.25,54.2,False
2026-04-30,ES=F,LONG,2026-04-30 12:00:00-04:00,7199.75,2026-04-30 16:00:00-04:00,7246.50,1,SESSION_FLATTEN,1.411,2335.25,88.4,False
2026-05-04,ES=F,SHORT,2026-05-04 12:00:00-04:00,7225.00,2026-05-04 16:00:00-04:00,7225.50,1,SESSION_FLATTEN,-0.017,-27.25,77.4,False
2026-05-05,ES=F,LONG,2026-05-05 13:00:00-04:00,7284.25,2026-05-05 16:00:00-04:00,7295.25,1,SESSION_FLATTEN,0.587,547.75,50.0,False
2026-05-06,ES=F,LONG,2026-05-06 12:00:00-04:00,7366.00,2026-05-06 16:00:00-04:00,7386.50,1,SESSION_FLATTEN,0.812,1022.75,67.3,False
2026-05-07,ES=F,LONG,2026-05-07 12:00:00-04:00,7388.25,2026-05-07 12:00:00-04:00,7368.21,1,STOP,-1.013,-1004.31,52.8,False
2026-05-08,ES=F,LONG,2026-05-08 13:00:00-04:00,7416.00,2026-05-08 16:00:00-04:00,7418.75,1,SESSION_FLATTEN,0.140,135.25,52.4,False
2026-05-11,ES=F,LONG,2026-05-11 12:00:00-04:00,7448.50,2026-05-11 15:00:00-04:00,7429.09,1,STOP,-1.013,-972.68,51.1,False
2026-05-12,ES=F,SHORT,2026-05-12 12:00:00-04:00,7369.75,2026-05-12 13:00:00-04:00,7393.14,1,STOP,-1.011,-1171.98,61.7,False
2026-05-13,ES=F,LONG,2026-05-13 12:00:00-04:00,7442.25,2026-05-13 16:00:00-04:00,7475.75,1,SESSION_FLATTEN,1.434,1672.75,62.3,False
2026-05-14,ES=F,LONG,2026-05-14 12:00:00-04:00,7537.25,2026-05-14 13:00:00-04:00,7513.95,1,STOP,-1.011,-1167.45,61.5,False
2026-05-18,ES=F,SHORT,2026-05-18 12:00:00-04:00,7402.75,2026-05-18 16:00:00-04:00,7420.50,1,SESSION_FLATTEN,-0.440,-889.75,107.5,False
2026-05-20,ES=F,LONG,2026-05-20 12:00:00-04:00,7441.75,2026-05-20 16:00:00-04:00,7451.50,1,SESSION_FLATTEN,0.281,485.25,92.5,False
2026-05-22,ES=F,LONG,2026-05-22 12:00:00-04:00,7511.00,2026-05-22 15:00:00-04:00,7483.52,1,STOP,-1.009,-1376.21,72.6,False
2026-05-28,ES=F,LONG,2026-05-28 12:00:00-04:00,7575.00,2026-05-28 16:00:00-04:00,7587.50,1,SESSION_FLATTEN,0.511,622.75,65.3,False
2026-06-01,ES=F,LONG,2026-06-01 12:00:00-04:00,7595.75,2026-06-01 16:00:00-04:00,7608.25,1,SESSION_FLATTEN,0.662,622.75,50.3,False
2026-06-02,ES=F,LONG,2026-06-02 12:00:00-04:00,7625.00,2026-06-02 16:00:00-04:00,7628.00,1,SESSION_FLATTEN,0.172,147.75,46.5,False
2026-06-03,ES=F,SHORT,2026-06-03 12:00:00-04:00,7579.00,2026-06-03 16:00:00-04:00,7547.75,1,SESSION_FLATTEN,1.727,1560.25,48.3,False
2026-06-04,ES=F,LONG,2026-06-04 12:00:00-04:00,7581.50,2026-06-04 16:00:00-04:00,7587.50,1,SESSION_FLATTEN,0.256,297.75,62.5,False
2026-06-05,ES=F,SHORT,2026-06-05 12:00:00-04:00,7489.75,2026-06-05 14:00:00-04:00,7434.89,1,TARGET,1.991,2740.50,73.5,False
2026-06-09,ES=F,SHORT,2026-06-09 12:00:00-04:00,7312.00,2026-06-09 14:00:00-04:00,7364.62,1,STOP,-1.005,-2633.50,125.9,False
2026-06-10,ES=F,SHORT,2026-06-10 12:00:00-04:00,7340.00,2026-06-10 16:00:00-04:00,7267.25,1,SESSION_FLATTEN,1.391,3635.25,139.5,False
2026-06-11,ES=F,SHORT,2026-06-11 12:00:00-04:00,7300.00,2026-06-11 13:00:00-04:00,7347.63,1,STOP,-1.005,-2383.66,126.3,False
2026-06-12,ES=F,LONG,2026-06-12 12:00:00-04:00,7406.00,2026-06-12 16:00:00-04:00,7434.75,1,SESSION_FLATTEN,0.544,1435.25,140.9,False
2026-06-15,ES=F,LONG,2026-06-15 12:00:00-04:00,7643.50,2026-06-15 16:00:00-04:00,7624.00,1,SESSION_FLATTEN,-0.587,-977.25,88.6,False
2026-06-23,ES=F,SHORT,2026-06-23 12:00:00-04:00,7453.75,2026-06-23 16:00:00-04:00,7445.75,1,SESSION_FLATTEN,0.218,397.75,97.6,False
2026-06-24,ES=F,LONG,2026-06-24 12:00:00-04:00,7480.50,2026-06-24 13:00:00-04:00,7445.98,1,STOP,-1.007,-1728.26,91.4,False
2026-06-26,ES=F,LONG,2026-06-26 12:00:00-04:00,7448.00,2026-06-26 15:00:00-04:00,7403.05,1,STOP,-1.006,-2249.75,119.2,False
2026-06-29,ES=F,LONG,2026-06-29 12:00:00-04:00,7475.50,2026-06-29 16:00:00-04:00,7493.25,1,SESSION_FLATTEN,0.447,885.25,106.0,False
2026-06-30,ES=F,LONG,2026-06-30 12:00:00-04:00,7545.75,2026-06-30 16:00:00-04:00,7541.75,1,SESSION_FLATTEN,-0.144,-202.25,74.3,False
2026-07-01,ES=F,LONG,2026-07-01 12:00:00-04:00,7572.75,2026-07-01 14:00:00-04:00,7549.17,1,STOP,-1.011,-1181.49,62.2,False
2026-07-02,ES=F,SHORT,2026-07-02 12:00:00-04:00,7526.75,2026-07-02 16:00:00-04:00,7523.25,1,SESSION_FLATTEN,0.108,172.75,86.7,False
2026-07-06,ES=F,LONG,2026-07-06 12:00:00-04:00,7587.75,2026-07-06 16:00:00-04:00,7596.50,1,SESSION_FLATTEN,0.386,435.25,60.5,False
2026-07-08,ES=F,SHORT,2026-07-08 12:00:00-04:00,7480.75,2026-07-08 12:00:00-04:00,7513.27,1,STOP,-1.008,-1628.29,86.1,False
2026-07-09,ES=F,LONG,2026-07-09 12:00:00-04:00,7574.00,2026-07-09 16:00:00-04:00,7586.00,1,SESSION_FLATTEN,0.428,597.75,74.8,False
2026-07-10,ES=F,LONG,2026-07-10 12:00:00-04:00,7600.50,2026-07-10 16:00:00-04:00,7620.00,1,SESSION_FLATTEN,0.736,972.75,65.7,False
2026-07-13,ES=F,SHORT,2026-07-13 13:00:00-04:00,7569.75,2026-07-13 16:00:00-04:00,7554.50,1,SESSION_FLATTEN,0.633,760.25,64.2,False
2026-07-15,ES=F,SHORT,2026-07-15 13:00:00-04:00,7586.75,2026-07-15 13:00:00-04:00,7611.05,1,STOP,-1.010,-1217.05,64.1,False
2026-07-16,ES=F,SHORT,2026-07-16 13:00:00-04:00,7598.00,2026-07-16 16:00:00-04:00,7569.50,1,SESSION_FLATTEN,1.131,1422.75,67.2,False
2026-07-17,ES=F,SHORT,2026-07-17 12:00:00-04:00,7534.00,2026-07-17 16:00:00-04:00,7498.00,1,SESSION_FLATTEN,1.234,1797.75,77.8,False
2026-07-21,ES=F,LONG,2026-07-21 12:00:00-04:00,7538.75,2026-07-21 16:00:00-04:00,7542.50,1,SESSION_FLATTEN,0.149,185.25,67.0,False
2026-07-22,ES=F,LONG,2026-07-22 12:00:00-04:00,7560.50,2026-07-22 15:00:00-04:00,7537.13,1,STOP,-1.011,-1170.66,61.6,False
2026-07-23,ES=F,SHORT,2026-07-23 12:00:00-04:00,7438.00,2026-07-23 16:00:00-04:00,7456.00,1,SESSION_FLATTEN,-0.558,-902.25,86.1,False
2026-07-24,ES=F,LONG,2026-07-24 12:00:00-04:00,7490.00,2026-07-24 13:00:00-04:00,7461.35,1,STOP,-1.009,-1434.94,75.7,False
2026-07-27,ES=F,SHORT,2026-07-27 12:00:00-04:00,7432.75,2026-07-27 16:00:00-04:00,7453.75,1,SESSION_FLATTEN,-0.660,-1052.25,84.9,False
2026-07-28,ES=F,LONG,2026-07-28 12:00:00-04:00,7480.00,2026-07-28 16:00:00-04:00,7467.25,1,SESSION_FLATTEN,-0.382,-639.75,89.1,False
2026-07-29,ES=F,SHORT,2026-07-29 12:00:00-04:00,7393.00,2026-07-29 13:00:00-04:00,7427.95,1,STOP,-1.007,-1749.98,92.5,False
2026-07-31,ES=F,LONG,2026-07-31 12:00:00-04:00,7482.75,2026-07-31 16:00:00-04:00,7519.00,1,SESSION_FLATTEN,1.055,1810.25,91.6,False
2026-08-03,ES=F,LONG,2026-08-03 12:00:00-04:00,7611.75,2026-08-03 16:00:00-04:00,7631.00,1,SESSION_FLATTEN,0.753,960.25,68.2,False
2026-08-04,ES=F,LONG,2026-08-04 12:00:00-04:00,7736.75,2026-08-04 13:00:00-04:00,7782.48,1,TARGET,1.989,2284.21,61.3,False
