day,instrument,side,entry_time,entry_price,exit_time,exit_price,qty,exit_reason,r_multiple,pnl_usd,entry_atr_ticks,scaled
2026-05-27,MES,LONG,2026-05-27 10:20:00-04:00,7546.25,2026-05-27 10:20:00-04:00,7535.62,5,STOP,-1.024,-273.02,26.5,False
2026-05-27,MES,SHORT,2026-05-27 11:20:00-04:00,7524.25,2026-05-27 11:30:00-04:00,7535.06,5,STOP,-1.024,-277.73,28.2,False
2026-05-28,MES,LONG,2026-05-28 10:05:00-04:00,7536.75,2026-05-28 10:10:00-04:00,7552.47,5,TARGET,1.969,385.70,21.3,False
2026-05-29,MES,LONG,2026-05-29 09:50:00-04:00,7607.50,2026-05-29 10:15:00-04:00,7597.62,5,STOP,-1.026,-254.27,18.3,False
2026-05-29,MES,SHORT,2026-05-29 10:45:00-04:00,7582.00,2026-05-29 10:50:00-04:00,7591.88,5,STOP,-1.026,-254.27,25.3,False
2026-06-02,MES,LONG,2026-06-02 10:35:00-04:00,7613.50,2026-06-02 10:50:00-04:00,7623.00,2,SCALE_OUT,0.000,93.52,20.6,True
2026-06-02,MES,LONG,2026-06-02 10:35:00-04:00,7613.50,2026-06-02 11:05:00-04:00,7628.68,5,TARGET,1.968,315.31,20.6,True
2026-06-03,MES,SHORT,2026-06-03 09:50:00-04:00,7578.00,2026-06-03 09:50:00-04:00,7589.62,5,STOP,-1.022,-298.02,23.2,False
2026-06-04,MES,LONG,2026-06-04 11:05:00-04:00,7573.00,2026-06-04 11:15:00-04:00,7584.25,2,SCALE_OUT,0.000,111.02,28.2,True
2026-06-04,MES,LONG,2026-06-04 11:05:00-04:00,7573.00,2026-06-04 11:45:00-04:00,7578.06,5,STOP,0.478,180.96,28.2,True
2026-06-05,MES,SHORT,2026-06-05 09:50:00-04:00,7518.25,2026-06-05 10:15:00-04:00,7531.75,5,STOP,-1.019,-344.90,35.2,False
2026-06-08,MES,SHORT,2026-06-08 10:00:00-04:00,7431.25,2026-06-08 10:35:00-04:00,7457.01,3,STOP,-1.010,-390.77,68.0,False
2026-06-08,MES,LONG,2026-06-08 11:00:00-04:00,7473.50,2026-06-08 11:30:00-04:00,7451.82,4,STOP,-1.012,-439.45,57.9,False
2026-06-09,MES,LONG,2026-06-09 09:50:00-04:00,7489.75,2026-06-09 09:50:00-04:00,7473.35,5,STOP,-1.015,-417.48,49.0,False
2026-06-09,MES,SHORT,2026-06-09 10:15:00-04:00,7436.75,2026-06-09 10:40:00-04:00,7408.00,2,SCALE_OUT,0.000,286.02,53.2,True
2026-06-09,MES,SHORT,2026-06-09 10:15:00-04:00,7436.75,2026-06-09 10:45:00-04:00,7398.43,4,TARGET,1.987,664.76,53.2,True
2026-06-10,MES,LONG,2026-06-10 09:50:00-04:00,7387.25,2026-06-10 10:55:00-04:00,7358.89,3,STOP,-1.009,-429.84,80.0,False
2026-06-10,MES,SHORT,2026-06-10 11:15:00-04:00,7327.25,2026-06-10 13:40:00-04:00,7300.50,2,SCALE_OUT,0.000,266.02,75.2,True
2026-06-10,MES,SHORT,2026-06-10 11:15:00-04:00,7327.25,2026-06-10 13:45:00-04:00,7317.05,3,STOP,0.382,314.08,75.2,True
2026-06-11,MES,LONG,2026-06-11 09:55:00-04:00,7330.50,2026-06-11 10:10:00-04:00,7309.59,4,STOP,-1.012,-424.05,65.9,False
2026-06-11,MES,SHORT,2026-06-11 11:00:00-04:00,7275.25,2026-06-11 11:15:00-04:00,7301.69,3,STOP,-1.010,-401.03,69.8,False
2026-06-12,MES,LONG,2026-06-12 10:20:00-04:00,7420.25,2026-06-12 10:45:00-04:00,7395.03,3,STOP,-1.010,-382.80,67.0,False
2026-06-15,MES,LONG,2026-06-15 09:50:00-04:00,7619.75,2026-06-15 12:00:00-04:00,7645.75,2,SCALE_OUT,0.000,258.52,72.3,True
2026-06-15,MES,LONG,2026-06-15 09:50:00-04:00,7619.75,2026-06-15 12:40:00-04:00,7639.14,3,STOP,0.818,352.50,72.3,True
2026-06-16,MES,SHORT,2026-06-16 10:00:00-04:00,7622.50,2026-06-16 10:05:00-04:00,7632.31,5,STOP,-1.026,-252.63,25.5,False
2026-06-17,MES,SHORT,2026-06-17 10:00:00-04:00,7581.00,2026-06-17 10:05:00-04:00,7592.93,5,STOP,-1.021,-305.57,31.1,False
2026-06-17,MES,LONG,2026-06-17 10:25:00-04:00,7604.00,2026-06-17 10:30:00-04:00,7591.39,5,STOP,-1.020,-322.76,33.0,False
2026-06-18,MES,SHORT,2026-06-18 10:00:00-04:00,7544.00,2026-06-18 10:20:00-04:00,7566.19,3,STOP,-1.011,-337.23,81.3,False
2026-06-22,MES,LONG,2026-06-22 10:05:00-04:00,7593.50,2026-06-22 10:15:00-04:00,7580.98,5,STOP,-1.020,-320.37,39.4,False
2026-06-22,MES,SHORT,2026-06-22 10:30:00-04:00,7561.00,2026-06-22 10:40:00-04:00,7541.25,2,SCALE_OUT,0.000,196.02,41.2,True
2026-06-22,MES,SHORT,2026-06-22 10:30:00-04:00,7561.00,2026-06-22 10:50:00-04:00,7537.99,5,TARGET,1.979,535.20,41.2,True
2026-06-24,MES,SHORT,2026-06-24 09:50:00-04:00,7450.00,2026-06-24 09:50:00-04:00,7462.95,5,STOP,-1.020,-331.11,48.3,False
2026-06-24,MES,LONG,2026-06-24 10:35:00-04:00,7465.75,2026-06-24 10:45:00-04:00,7479.25,2,SCALE_OUT,0.000,133.52,51.7,True
2026-06-24,MES,LONG,2026-06-24 10:35:00-04:00,7465.75,2026-06-24 10:55:00-04:00,7489.57,5,TARGET,1.979,484.94,51.7,True
2026-06-25,MES,SHORT,2026-06-25 09:50:00-04:00,7424.50,2026-06-25 09:50:00-04:00,7402.00,2,SCALE_OUT,0.000,223.52,65.6,True
2026-06-25,MES,SHORT,2026-06-25 09:50:00-04:00,7424.50,2026-06-25 10:00:00-04:00,7415.11,3,STOP,0.426,267.53,65.6,True
2026-06-26,MES,LONG,2026-06-26 10:10:00-04:00,7423.25,2026-06-26 11:25:00-04:00,7440.50,2,SCALE_OUT,0.000,171.02,60.6,True
2026-06-26,MES,LONG,2026-06-26 10:10:00-04:00,7423.25,2026-06-26 11:40:00-04:00,7457.13,4,TARGET,1.985,505.34,60.6,True
2026-06-29,MES,LONG,2026-06-29 09:50:00-04:00,7479.50,2026-06-29 09:55:00-04:00,7454.63,3,STOP,-1.010,-377.45,72.2,False
2026-06-29,MES,SHORT,2026-06-29 10:15:00-04:00,7415.25,2026-06-29 10:25:00-04:00,7438.86,3,STOP,-1.011,-358.58,74.3,False
2026-06-30,MES,LONG,2026-06-30 09:55:00-04:00,7519.00,2026-06-30 10:00:00-04:00,7532.25,2,SCALE_OUT,0.000,131.02,28.0,True
2026-06-30,MES,LONG,2026-06-30 09:55:00-04:00,7519.00,2026-06-30 10:05:00-04:00,7522.38,5,STOP,0.323,175.86,28.0,True
2026-07-01,MES,LONG,2026-07-01 10:10:00-04:00,7544.50,2026-07-01 11:00:00-04:00,7561.25,2,SCALE_OUT,0.000,166.02,34.4,True
2026-07-01,MES,LONG,2026-07-01 10:10:00-04:00,7544.50,2026-07-01 11:20:00-04:00,7571.11,5,TARGET,1.981,559.30,34.4,True
2026-07-02,MES,LONG,2026-07-02 09:50:00-04:00,7585.50,2026-07-02 10:25:00-04:00,7570.70,5,STOP,-1.017,-377.41,32.6,False
2026-07-02,MES,SHORT,2026-07-02 10:45:00-04:00,7549.25,2026-07-02 11:05:00-04:00,7534.50,2,SCALE_OUT,0.000,146.02,47.3,True
2026-07-02,MES,SHORT,2026-07-02 10:45:00-04:00,7549.25,2026-07-02 11:35:00-04:00,7544.57,5,STOP,0.339,210.33,47.3,True
2026-07-06,MES,LONG,2026-07-06 09:55:00-04:00,7567.50,2026-07-06 10:55:00-04:00,7581.75,2,SCALE_OUT,0.000,141.02,45.6,True
2026-07-06,MES,LONG,2026-07-06 09:55:00-04:00,7567.50,2026-07-06 12:35:00-04:00,7582.77,5,STOP,1.074,364.22,45.6,True
2026-07-07,MES,SHORT,2026-07-07 09:55:00-04:00,7567.00,2026-07-07 10:10:00-04:00,7548.25,2,SCALE_OUT,0.000,186.02,26.3,True
2026-07-07,MES,SHORT,2026-07-07 09:55:00-04:00,7567.00,2026-07-07 10:15:00-04:00,7547.51,5,TARGET,1.975,472.48,26.3,True
2026-07-08,MES,SHORT,2026-07-08 10:40:00-04:00,7497.75,2026-07-08 11:20:00-04:00,7476.50,2,SCALE_OUT,0.000,211.02,44.3,True
2026-07-08,MES,SHORT,2026-07-08 10:40:00-04:00,7497.75,2026-07-08 12:05:00-04:00,7487.82,5,STOP,0.625,354.11,44.3,True
2026-07-09,MES,LONG,2026-07-09 09:50:00-04:00,7555.50,2026-07-09 10:15:00-04:00,7540.75,5,STOP,-1.017,-376.15,34.3,False
2026-07-10,MES,LONG,2026-07-10 10:05:00-04:00,7603.50,2026-07-10 10:15:00-04:00,7595.20,5,STOP,-1.031,-214.86,21.5,False
2026-07-10,MES,SHORT,2026-07-10 10:35:00-04:00,7581.00,2026-07-10 10:40:00-04:00,7595.07,5,STOP,-1.018,-359.11,36.8,False
2026-07-13,MES,SHORT,2026-07-13 09:50:00-04:00,7599.50,2026-07-13 09:55:00-04:00,7608.04,5,STOP,-1.030,-220.85,22.1,False
2026-07-14,MES,LONG,2026-07-14 09:50:00-04:00,7580.25,2026-07-14 10:10:00-04:00,7567.60,5,STOP,-1.020,-323.71,33.1,False
2026-07-14,MES,SHORT,2026-07-14 10:20:00-04:00,7568.50,2026-07-14 10:25:00-04:00,7582.36,5,STOP,-1.018,-353.86,37.4,False
2026-07-15,MES,SHORT,2026-07-15 10:55:00-04:00,7600.25,2026-07-15 12:10:00-04:00,7582.00,2,SCALE_OUT,0.000,181.02,37.4,True
2026-07-15,MES,SHORT,2026-07-15 10:55:00-04:00,7600.25,2026-07-15 12:20:00-04:00,7574.70,5,TARGET,1.981,558.37,37.4,True
2026-07-16,MES,SHORT,2026-07-16 09:50:00-04:00,7578.75,2026-07-16 09:50:00-04:00,7591.25,5,STOP,-1.020,-319.90,31.4,False
2026-07-16,MES,LONG,2026-07-16 10:10:00-04:00,7603.25,2026-07-16 12:10:00-04:00,7590.01,5,STOP,-1.019,-338.52,34.7,False
2026-07-20,MES,LONG,2026-07-20 09:50:00-04:00,7540.00,2026-07-20 09:50:00-04:00,7527.05,5,STOP,-1.020,-331.16,43.3,False
2026-07-20,MES,SHORT,2026-07-20 10:15:00-04:00,7513.75,2026-07-20 11:50:00-04:00,7526.04,5,STOP,-1.021,-314.60,42.3,False
2026-07-21,MES,LONG,2026-07-21 10:30:00-04:00,7532.25,2026-07-21 11:25:00-04:00,7543.50,2,SCALE_OUT,0.000,111.02,40.4,True
2026-07-21,MES,LONG,2026-07-21 10:30:00-04:00,7532.25,2026-07-21 13:15:00-04:00,7546.17,5,STOP,1.220,313.97,40.4,True
2026-07-22,MES,LONG,2026-07-22 09:55:00-04:00,7543.50,2026-07-22 10:00:00-04:00,7551.50,2,SCALE_OUT,0.000,78.52,20.7,True
2026-07-22,MES,LONG,2026-07-22 09:55:00-04:00,7543.50,2026-07-22 10:10:00-04:00,7544.82,5,STOP,0.170,92.39,20.7,True
2026-07-23,MES,SHORT,2026-07-23 10:55:00-04:00,7441.50,2026-07-23 11:25:00-04:00,7419.25,2,SCALE_OUT,0.000,221.02,51.8,True
2026-07-23,MES,SHORT,2026-07-23 10:55:00-04:00,7441.50,2026-07-23 11:35:00-04:00,7433.88,4,STOP,0.495,292.83,51.8,True
2026-07-24,MES,LONG,2026-07-24 09:50:00-04:00,7457.00,2026-07-24 09:50:00-04:00,7444.83,5,STOP,-1.021,-311.53,31.8,False
2026-07-24,MES,SHORT,2026-07-24 10:00:00-04:00,7433.25,2026-07-24 10:00:00-04:00,7445.68,5,STOP,-1.021,-318.26,35.4,False
2026-07-27,MES,SHORT,2026-07-27 10:25:00-04:00,7455.75,2026-07-27 10:25:00-04:00,7441.00,2,SCALE_OUT,0.000,146.02,46.5,True
2026-07-27,MES,SHORT,2026-07-27 10:25:00-04:00,7455.75,2026-07-27 10:35:00-04:00,7432.90,5,TARGET,1.978,482.78,46.5,True
2026-07-28,MES,SHORT,2026-07-28 09:50:00-04:00,7432.75,2026-07-28 10:45:00-04:00,7445.51,5,STOP,-1.020,-326.48,35.0,False
2026-07-28,MES,LONG,2026-07-28 10:55:00-04:00,7452.25,2026-07-28 11:00:00-04:00,7440.14,5,STOP,-1.021,-310.16,42.7,False
2026-07-29,MES,SHORT,2026-07-29 09:55:00-04:00,7433.75,2026-07-29 10:10:00-04:00,7411.52,5,TARGET,1.978,548.35,33.9,False
2026-07-30,MES,LONG,2026-07-30 09:50:00-04:00,7427.75,2026-07-30 11:00:00-04:00,7406.57,3,STOP,-1.012,-322.07,78.5,False
2026-07-30,MES,SHORT,2026-07-30 11:20:00-04:00,7407.50,2026-07-30 11:40:00-04:00,7422.50,4,STOP,-1.017,-305.97,58.2,False
2026-07-31,MES,SHORT,2026-07-31 10:05:00-04:00,7454.25,2026-07-31 10:05:00-04:00,7443.00,2,SCALE_OUT,0.000,111.02,44.2,True
2026-07-31,MES,SHORT,2026-07-31 10:05:00-04:00,7454.25,2026-07-31 10:10:00-04:00,7432.34,5,TARGET,1.977,433.77,44.2,True
2026-08-03,MES,LONG,2026-08-03 09:50:00-04:00,7571.00,2026-08-03 09:55:00-04:00,7587.25,2,SCALE_OUT,0.000,161.02,41.6,True
2026-08-03,MES,LONG,2026-08-03 09:50:00-04:00,7571.00,2026-08-03 10:15:00-04:00,7594.65,5,TARGET,1.979,509.80,41.6,True
2026-08-04,MES,LONG,2026-08-04 09:50:00-04:00,7677.25,2026-08-04 10:00:00-04:00,7690.50,2,SCALE_OUT,0.000,131.02,27.6,True
2026-08-04,MES,LONG,2026-08-04 09:50:00-04:00,7677.25,2026-08-04 10:10:00-04:00,7697.69,5,TARGET,1.976,431.64,27.6,True
